Jackass Forever,2022,7.6
Spider-Man: No Way Home,2021,8.7
Uncharted,2022,6.8
Dune: Part One,2021,8.1
The Last Duel,2021,7.4
No Time to Die,2021,7.3
The Suicide Squad,2021,7.2
Nobody,2021,7.4
Jack Reacher,2012,7.0
Free Guy,2021,7.2
Ghostbusters,1984,7.8
Shang-Chi and the Legend of the Ten Rings,2021,7.5
The Dark Knight,2008,9.0
Kingsman: The Secret Service,2014,7.7
Avengers: Endgame,2019,8.4
Jurassic Park,1993,8.1
The Lord of the Rings: The Fellowship of the Ring,2001,8.8
The Matrix,1999,8.7
The Hunger Games: Catching Fire,2013,7.5
Spider-Man,2002,7.3
Spider-Man: Homecoming,2017,7.4
Kingsman: The Golden Circle,2017,6.7
The Gentlemen,2019,7.8
Watchmen,2009,7.6
Tombstone,1993,7.8
Black Widow,2021,6.7
Inception,2010,8.8
Avengers: Infinity War,2018,8.4
Tenet,2020,7.4
Wrath of Man,2021,7.1
Jackass: The Movie,2002,6.6
Warrior,2011,8.1
Mahaan,2022,8.1
Raya and the Last Dragon,2021,7.3
Spider-Man: Far from Home,2019,7.4
Zack Snyder's Justice League,2021,8.1
Pushpa: The Rise - Part 1,2021,7.9
Blade Runner 2049,2017,8.0
Star Wars,1977,8.6
Independence Day,1996,7.0
Avatar,2009,7.8
Batman Begins,2005,8.2
Spider-Man: Into the Spider-Verse,2018,8.4
13 Hours,2016,7.3
Jumanji: The Next Level,2019,6.7
The Dark Knight Rises,2012,8.4
Mad Max: Fury Road,2015,8.1
Black Panther,2018,7.3
The Amazing Spider-Man,2012,6.9
Léon,1994,8.5
1917,2019,8.3
Baby Driver,2017,7.6
Pirates of the Caribbean: The Curse of the Black Pearl,2003,8.0
Gladiator,2000,8.5
The Lord of the Rings: The Return of the King,2003,8.9
The Harder They Fall,2021,6.6
The Other Guys,2010,6.7
The Hunger Games,2012,7.2
Thor: Ragnarok,2017,7.9
Guardians of the Galaxy,2014,8.0
Venom,2018,6.7
Jurassic World,2015,7.0
Top Gun,1986,6.9
Jungle Cruise,2021,6.6
Captain Marvel,2019,6.8
Deadpool,2016,8.0
Heat,1995,8.2
The Avengers,2012,8.0
Busanhaeng,2016,7.6
The Magnificent Seven,2016,6.9
The Amazing Spider-Man 2,2014,6.6
Blade Runner,1982,8.1
Logan's Run,1976,6.8
300,2006,7.6
Hell or High Water,2016,7.6
Rogue One,2016,7.8
Batman,1989,7.5
The Tomorrow War,2021,6.6
Transformers,2007,7.0
Ready Player One,2018,7.4
Iron Man,2008,7.9
Dunkirk,2017,7.8
The Revenant,2015,8.0
Snowpiercer,2013,7.1
Doctor Strange,2016,7.5
The Karate Kid,1984,7.3
Black Hawk Down,2001,7.7
The Lord of the Rings: The Two Towers,2002,8.7
Star Wars: Episode VI - Return of the Jedi,1983,8.3
Jackass 3D,2010,7.0
Solo: A Star Wars Story,2018,6.9
Star Wars: Episode III - Revenge of the Sith,2005,7.5
Spider-Man 2,2004,7.4
Star Wars: Episode VII - The Force Awakens,2015,7.8
Star Wars: Episode V - The Empire Strikes Back,1980,8.7
Logan,2017,8.1
Sicario,2015,7.6
Fury,2014,7.6
3:10 to Yuma,2007,7.7
Mission: Impossible - Fallout,2018,7.7
Terminator 2: Judgment Day,1991,8.5
The Fifth Element,1997,7.7
John Wick,2014,7.4
The Foreigner,2017,7.0
The Mummy,1999,7.1
Captain America: Civil War,2016,7.8
Ambulance,2022,9.3
Oldeuboi,2003,8.4
Captain America: The First Avenger,2011,6.9
Kimetsu no Yaiba: Mugen Ressha-Hen,2020,8.3
Thor,2011,7.0
Deadpool 2,2018,7.7
Jackass Number Two,2006,7.0
The Book of Eli,2010,6.9
Shazam!,2019,7.0
Star Wars: Episode VIII - The Last Jedi,2017,6.9
The Equalizer,2014,7.2
Aliens,1986,8.3
The Last Samurai,2003,7.7
Casino Royale,2006,8.0
Harry Potter and the Order of the Phoenix,2007,7.5
Predestination,2014,7.5
Drive,2011,7.8
Avengers: Age of Ultron,2015,7.3
The Matrix Reloaded,2003,7.2
The Rock,1996,7.4
Guardians of the Galaxy Vol. 2,2017,7.6
Aquaman,2018,6.9
Harry Potter and the Half-Blood Prince,2009,7.6
Raiders of the Lost Ark,1981,8.4
The Fugitive,1993,7.8
The Terminator,1984,8.0
Wonder Woman,2017,7.4
Spectre,2015,6.8
From Dusk Till Dawn,1996,7.2
Men in Black,1997,7.3
Die Hard,1988,8.2
World War Z,2013,7.0
The Lost World: Jurassic Park,1997,6.6
21 Jump Street,2012,7.2
In the Heart of the Sea,2015,6.9
X-Men: Apocalypse,2016,6.9
Edge of Tomorrow,2014,7.9
Iron Man Three,2013,7.1
Den of Thieves,2018,7.0
Ghostbusters,2016,6.9
Star Trek Beyond,2016,7.0
Teenage Mutant Ninja Turtles,1990,6.8
Con Air,1997,6.9
King Arthur: Legend of the Sword,2017,6.7
Skyfall,2012,7.8
Ford v Ferrari,2019,8.1
Jumanji: Welcome to the Jungle,2017,6.9
The Nice Guys,2016,7.4
Enola Holmes,2020,6.6
Serenity,2005,7.8
Point Break,1991,7.3
Captain America: The Winter Soldier,2014,7.7
Apocalypto,2006,7.8
Kill Bill: Vol. 1,2003,8.1
Ghostbusters II,1989,6.6
Man of Steel,2013,7.0
In Time,2011,6.7
The A-Team,2010,6.7
Starship Troopers,1997,7.2
X: First Class,2011,7.7
Ready or Not,2019,6.9
Star Trek,2009,7.9
Ant-Man and the Wasp,2018,7.0
Midway,2019,6.7
The Island,2005,6.8
Kingdom of Heaven,2005,7.2
Alita: Battle Angel,2019,7.3
Ant-Man,2015,7.3
Scott Pilgrim vs. the World,2010,7.5
Clash of the Titans,1981,6.9
The Warriors,1979,7.6
Collateral,2004,7.5
Stargate,1994,7.1
Red Sparrow,2018,6.6
Batman Returns,1992,7.0
Divergent,2014,6.6
Looper,2012,7.4
Law Abiding Citizen,2009,7.4
The Rescue,2021,8.4
The Incredibles,2004,8.0
X-Men,2000,7.4
The Hitman's Bodyguard,2017,6.9
Willow,1988,7.3
The Matrix Revolutions,2003,6.8
The Fast and the Furious,2001,6.8
X-Men Origins: Wolverine,2009,6.6
I Am Legend,2007,7.2
Kick-Ass,2010,7.6
Death Proof,2007,7.0
The Italian Job,2003,7.0
Mission: Impossible,1996,7.1
American Sniper,2014,7.3
Thor: The Dark World,2013,6.8
RoboCop,1987,7.6
X-Men: Days of Future Past,2014,7.9
Everest,2015,7.1
Total Recall,1990,7.5
Anna,2019,6.7
Extraction,2020,6.7
V for Vendetta,2005,8.1
The Bourne Identity,2002,7.9
Pirates of the Caribbean: Dead Man's Chest,2006,7.3
Dr. No,1962,7.2
Blade,1998,7.1
The Man from U.N.C.L.E.,2015,7.3
Black Rain,1989,6.7
The Incredible Hulk,2008,6.6
The Patriot,2000,7.2
Bullitt,1968,7.4
Pirates of the Caribbean: On Stranger Tides,2011,6.6
Man on Fire,2004,7.7
The Negotiator,1998,7.3
John Wick: Chapter 3 - Parabellum,2019,7.4
Men in Black 3,2012,6.8
Mission: Impossible - Rogue Nation,2015,7.4
For Your Eyes Only,1981,6.7
Iron Man 2,2010,6.9
The Maze Runner,2014,6.8
The Old Guard,2020,6.7
Predator,1987,7.8
Jason Bourne,2016,6.6
Quantum of Solace,2008,6.6
Constantine,2005,7.0
Rush,2013,8.1
Armageddon,1998,6.7
El Camino: A Breaking Bad Movie,2019,7.3
Unbroken,2014,7.2
"Lock, Stock and Two Smoking Barrels",1998,8.2
Love and Monsters,2020,7.0
Deja Vu,2006,7.1
Taken,2008,7.8
Children of Men,2006,7.9
First Blood,1982,7.7
Resident Evil,2002,6.7
Indiana Jones and the Temple of Doom,1984,7.5
Hot Fuzz,2007,7.8
Westworld,1973,7.0
Sherlock Holmes,2009,7.6
Munich,2005,7.5
The Last of the Mohicans,1992,7.7
Game Night,2018,6.9
GoldenEye,1995,7.2
Kung Fu Panda,2008,7.6
Greyhound,2020,7.0
Beverly Hills Cop,1984,7.3
Gravity,2013,7.7
The Accountant,2016,7.3
Oblivion,2013,7.0
Patriot Games,1992,6.9
Equilibrium,2002,7.4
The Mask,1994,6.9
How to Train Your Dragon,2010,8.1
Pacific Rim,2013,6.9
Tropic Thunder,2008,7.0
National Treasure,2004,6.9
Kong: Skull Island,2017,6.6
Bad Boys,1995,6.9
John Wick: Chapter 2,2017,7.5
The Bourne Ultimatum,2007,8.0
News of the World,2020,6.8
Speed,1994,7.2
The Count of Monte Cristo,2002,7.8
Pirates of the Caribbean: At World's End,2007,7.1
The Bourne Supremacy,2004,7.7
Fast & Furious,2009,6.6
Star Trek Into Darkness,2013,7.7
Big Hero 6,2014,7.8
Shichinin no samurai,1954,8.6
Minority Report,2002,7.6
District 9,2009,7.9
Superman,1978,7.3
Hellboy,2004,6.8
Silverado,1985,7.2
Logan Lucky,2017,7.0
Upgrade,2018,7.5
Incredibles 2,2018,7.6
Outlaw King,2018,6.9
Zombieland,2009,7.6
Rush Hour,1998,7.0
Shooter,2007,7.2
Atomic Blonde,2017,6.7
Mission: Impossible - Ghost Protocol,2011,7.4
I onde dager,2021,6.9
The Hunger Games: Mockingjay - Part 2,2015,6.6
Cloverfield,2008,7.0
"I, Robot",2004,7.1
Highlander,1986,7.1
Wanted,2008,6.7
Fast & Furious 7,2015,7.1
A Knight's Tale,2001,7.0
The Blues Brothers,1980,7.9
Minnal Murali,2021,8.1
Deepwater Horizon,2016,7.1
King Kong,2005,7.2
The Life Aquatic with Steve Zissou,2004,7.3
Goldfinger,1964,7.7
The Equalizer 2,2018,6.7
Rango,2011,7.2
Sicario: Day of the Soldado,2018,7.1
Kill Bill: Vol. 2,2004,8.0
Mononoke-hime,1997,8.4
Desperado,1995,7.2
We Were Soldiers,2002,7.2
Lone Survivor,2013,7.5
The Outpost,2019,6.8
Tron,2010,6.8
12 Strong,2018,6.6
Pitch Black,2000,7.1
The Hunt for Red October,1990,7.6
Blade II,2002,6.7
Furious 6,2013,7.0
Natural Born Killers,1994,7.3
The Heat,2013,6.6
The Hunger Games: Mockingjay - Part 1,2014,6.6
John Carter,2012,6.6
Big Trouble in Little China,1986,7.3
Mission: Impossible III,2006,6.9
The Mask of Zorro,1998,6.8
War for the Planet of the Apes,2017,7.4
Bumblebee,2018,6.7
They Live,1988,7.3
Zombieland: Double Tap,2019,6.7
Face/Off,1997,7.2
Source Code,2011,7.5
Elysium,2013,6.6
Demolition Man,1993,6.7
Indiana Jones and the Last Crusade,1989,8.2
Ang-ma-reul bo-at-da,2010,7.8
Body of Lies,2008,7.1
X-Men: The Last Stand,2006,6.7
Spy,2015,7.0
U.S. Marshals,1998,6.6
End of Watch,2012,7.6
The Boondock Saints,1999,7.7
Lethal Weapon,1987,7.6
True Lies,1994,7.2
RED,2010,7.0
Dawn of the Planet of the Apes,2014,7.6
Commando,1985,6.7
The Fighter,2010,7.8
The Longest Day,1962,7.8
Dawn of the Dead,2004,7.3
X2,2003,7.4
Mad Max,1979,6.9
Atlantis: The Lost Empire,2001,6.9
Conan the Barbarian,1982,6.9
K.G.F: Chapter 1,2018,8.3
Falling Down,1993,7.6
The Chronicles of Riddick,2004,6.7
Smokey and the Bandit,1977,7.0
The French Connection,1971,7.7
Hunter Killer,2018,6.6
22 Jump Street,2014,7.0
The Crow,1994,7.6
Underworld,2003,7.0
10 Cloverfield Lane,2016,7.2
Hanna,2011,6.8
9,2009,7.1
The Informer,2019,6.6
Fast Five,2011,7.3
The Wolverine,2013,6.7
Prince of Persia: The Sands of Time,2010,6.6
Super 8,2011,7.0
The Expendables 2,2012,6.6
Enemy of the State,1998,7.3
The Fate of the Furious,2017,6.6
What Happened to Monday,2017,6.9
Crocodile Dundee,1986,6.6
The Bourne Legacy,2012,6.6
2 Guns,2013,6.7
Dragged Across Concrete,2018,6.9
Dredd,2012,7.1
Safe House,2012,6.7
The Lego Movie,2014,7.7
Chronicle,2012,7.0
Public Enemies,2009,7.0
Romancing the Stone,1984,6.9
Warcraft,2016,6.8
Austin Powers: The Spy Who Shagged Me,1999,6.6
Real Steel,2011,7.0
Planet Terror,2007,7.0
Le pacte des loups,2001,7.0
Die Hard 2,1990,7.1
Silver Streak,1976,6.9
Rise of the Planet of the Apes,2011,7.5
Brawl in Cell Block 99,2017,7.2
WarGames,1983,7.1
Khiladi,2022,7.8
Robin Hood: Prince of Thieves,1991,6.9
Serbuan maut,2011,7.6
Master and Commander: The Far Side of the World,2003,7.4
RocknRolla,2008,7.3
You Only Live Twice,1967,6.8
Enemy at the Gates,2001,7.6
Megamind,2010,7.3
Sherlock Holmes: A Game of Shadows,2011,7.5
Akira,1988,8.0
Wo hu cang long,2000,7.8
Escape Plan,2013,6.7
Dangal,2016,8.4
Pineapple Express,2008,6.9
American Made,2017,7.2
Southpaw,2015,7.4
No Escape,2015,6.8
The Witcher: Nightmare of the Wolf,2021,7.3
Allied,2016,7.1
Harriet,2019,6.7
Per un pugno di dollari,1964,8.0
Captain Phillips,2013,7.8
The Lego Batman Movie,2017,7.3
Veerame Vaagai Soodum,2022,7.9
Mad Max 2,1981,7.6
Three Kings,1999,7.1
Smokin' Aces,2006,6.7
Layer Cake,2004,7.3
RED 2,2013,6.6
Creed,2015,7.6
Robin Hood,2010,6.6
Open Range,2003,7.4
Live Free or Die Hard,2007,7.1
Gangster Squad,2013,6.7
Unknown,2011,6.8
Ender's Game,2013,6.6
Bronson,2008,7.1
Unstoppable,2010,6.8
Okja,2017,7.3
Adrift,2018,6.6
21 Bridges,2019,6.6
Pokémon: Detective Pikachu,2019,6.6
Alpha,2018,6.7
The Grey,2011,6.8
Ronin,1998,7.3
Bølgen,2015,6.7
Grindhouse,2007,7.5
Bloodsport,1988,6.8
The Guest,2014,6.7
The Next Three Days,2010,7.3
Batoru rowaiaru,2000,7.6
Die Hard: With a Vengeance,1995,7.6
The Running Man,1987,6.7
Super,2010,6.7
How to Train Your Dragon: The Hidden World,2019,7.5
Akinjeon,2019,7.0
Escape from New York,1981,7.2
Rise of the Guardians,2012,7.3
Dirty Harry,1971,7.7
Live and Let Die,1973,6.8
Rambo,2008,7.0
Out of the Furnace,2013,6.8
Angels & Demons,2009,6.7
The Poseidon Adventure,1972,7.1
Eagle Eye,2008,6.6
The Transporter,2002,6.8
Eye in the Sky,2015,7.3
On Her Majesty's Secret Service,1969,6.7
Maanaadu,2021,8.7
No Way Out,1987,7.1
A History of Violence,2005,7.4
Joy Ride,2001,6.6
Four Brothers,2005,6.8
Young Guns,1988,6.9
Bad Boys II,2003,6.6
The Adventures of Tintin,2011,7.3
Friday Night Lights,2004,7.2
Legend of the Guardians: The Owls of Ga'Hoole,2010,6.9
Maverick,1994,7.0
In the Line of Fire,1993,7.2
War Horse,2011,7.2
Jungle,2017,6.7
Chappie,2015,6.8
Overlord,2018,6.6
Only the Brave,2017,7.6
From Russia with Love,1963,7.4
Pandorum,2009,6.7
Outbreak,1995,6.6
Clear and Present Danger,1994,6.9
Machete,2010,6.6
Crank,2006,6.9
The Iron Giant,1999,8.0
Licence to Kill,1989,6.6
Where Eagles Dare,1968,7.6
The 13th Warrior,1999,6.6
Tears of the Sun,2003,6.6
Defiance,2008,7.2
Hardcore Henry,2015,6.7
Thunderball,1965,7.0
Hellboy II: The Golden Army,2008,7.0
How to Train Your Dragon 2,2014,7.8
Rush Hour 2,2001,6.6
48 Hrs.,1982,6.9
Ran,1985,8.2
TRON,1982,6.8
Bonnie and Clyde,1967,7.8
Absolute Power,1997,6.7
Ip Man,2008,8.0
The Last Boy Scout,1991,7.0
Man on a Ledge,2012,6.6
Kung fu,2004,7.8
Fallen,1998,7.0
30 Days of Night,2007,6.6
The Wild Bunch,1969,7.9
Enter the Dragon,1973,7.7
Gwoemul,2006,7.1
Kung Fu Panda 3,2016,7.1
Hotel Mumbai,2018,7.6
The Spy Who Loved Me,1977,7.1
The Guns of Navarone,1961,7.5
Kung Fu Panda 2,2011,7.2
Payback,1999,7.1
Star Trek II: The Wrath of Khan,1982,7.7
Ying xiong,2002,7.9
Traitor,2008,7.0
Patriots Day,2016,7.4
The Salvation,2014,6.7
Kôkaku Kidôtai,1995,8.0
Diamonds Are Forever,1971,6.6
A Most Violent Year,2014,7.0
Never Back Down,2008,6.6
The Rundown,2003,6.7
Bãhubali: The Beginning,2015,8.0
The Living Daylights,1987,6.7
The Dirty Dozen,1967,7.7
The Long Kiss Goodnight,1996,6.8
Akhanda,2021,7.2
Filth,2013,7.1
Hot Shots!,1991,6.8
The Towering Inferno,1974,7.0
Django,1966,7.2
"Batman: The Long Halloween, Part One",2021,7.3
Serbuan maut 2: Berandal,2014,8.0
Non-Stop,2014,6.9
The Last Starfighter,1984,6.8
FIR,2022,7.9
"Shin seiki Evangelion Gekijô-ban: Air/Magokoro wo, kimi ni",1997,8.1
The Finest Hours,2016,6.8
Antim: The Final Truth,2021,7.0
Juice,1992,7.1
Seungriho,2021,6.6
Kursk,2018,6.6
Anthropoid,2016,7.2
Enemy Mine,1985,6.9
Spies in Disguise,2019,6.8
Superman II,1980,6.8
Gangs of Wasseypur,2012,8.2
Lethal Weapon 2,1989,7.2
Team America: World Police,2004,7.2
Crimson Tide,1995,7.3
Streets of Fire,1984,6.7
United 93,2006,7.6
Backdraft,1991,6.7
Shoot 'Em Up,2007,6.6
Ransom,1996,6.7
Innerspace,1987,6.8
Mongol,2007,7.2
Yip Man 4,2019,7.0
Grosse Pointe Blank,1997,7.3
Ferry,2021,7.0
Letters from Iwo Jima,2006,7.9
Escape from Alcatraz,1979,7.6
Rocky Balboa,2006,7.1
Brick,2005,7.2
Run All Night,2015,6.6
U-571,2000,6.6
Tristan + Isolde,2006,6.8
The Italian Job,1969,7.3
Star Trek: First Contact,1996,7.6
Danger Close: The Battle of Long Tan,2019,6.8
The Man with the Golden Gun,1974,6.7
American Sicario,2021,6.7
The Girl with All the Gifts,2016,6.6
Battle of Britain,1969,7.0
Casualties of War,1989,7.1
Flickan som lekte med elden,2009,7.2
Jason and the Argonauts,1963,7.3
Kraftidioten,2014,7.2
Shershaah,2021,8.7
The Night Comes for Us,2018,7.0
Street Kings,2008,6.8
The Lady of Heaven,2021,8.3
The Edge,1997,7.0
Hot Shots! Part Deux,1993,6.6
El mariachi,1992,6.9
'71,2014,7.2
Death Wish,1974,7.0
The Mechanic,2011,6.6
The Score,2001,6.8
Flushed Away,2006,6.6
Spy Game,2001,7.1
The Aeronauts,2019,6.6
Ajeossi,2010,7.8
Ride,2018,7.2
Midnight Run,1988,7.5
Epic,2013,6.6
Courage Under Fire,1996,6.6
Edge of Darkness,2010,6.6
Rise of the Footsoldier,2007,6.8
Lethal Weapon 4,1998,6.6
Yôjinbô,1961,8.2
Tales from the Crypt: Demon Knight,1995,6.7
Bloody Hell,2020,6.6
Avengement,2019,6.6
Boku no Hero Academia: World Heroes Mission,2021,7.4
Star Trek IV: The Voyage Home,1986,7.3
The Walk,2015,7.3
Star Trek VI: The Undiscovered Country,1991,7.2
Underworld: Rise of the Lycans,2009,6.6
Hidalgo,2004,6.7
Baahubali 2: The Conclusion,2017,8.2
Blood and Bone,2009,6.7
Lethal Weapon 3,1992,6.7
Ala Vaikunthapurramuloo,2020,7.4
Titan A.E.,2000,6.6
Harsh Times,2005,6.9
Get Carter,1971,7.4
The Kingdom,2007,7.0
Vanishing Point,1971,7.2
The Hitcher,1986,7.2
Set It Off,1996,6.9
Underworld: Evolution,2006,6.7
Kubo and the Two Strings,2016,7.8
Nagwonui bam,2020,6.8
Running Scared,2006,7.3
New Jack City,1991,6.7
Shanghai Noon,2000,6.6
Hodejegerne,2011,7.5
Black Dynamite,2009,7.4
Flags of Our Fathers,2006,7.1
The Last Castle,2001,7.0
The Legend of Billie Jean,1985,6.7
Ong-bak,2003,7.2
The Forbidden Kingdom,2008,6.6
Dead Presidents,1995,6.9
Quigley Down Under,1990,6.9
Rollerball,1975,6.6
Shi mian mai fu,2004,7.5
Star Trek III: The Search for Spock,1984,6.7
Taeksi woonjunsa,2017,7.9
Mou gaan dou,2002,8.0
All Is Lost,2013,6.9
Sudden Impact,1983,6.6
Cowboy Bebop: Tengoku no tobira,2001,7.9
Shin Gojira,2016,6.8
"Batman: The Long Halloween, Part Two",2021,7.2
A Prayer Before Dawn,2017,6.9
Attack the Block,2011,6.7
The Adventures of Robin Hood,1938,7.9
Vantage Point,2008,6.6
Pete's Dragon,2016,6.7
Rangasthalam,2018,8.4
Dog Soldiers,2002,6.8
Conspiracy Theory,1997,6.7
Koroshiya 1,2001,7.0
Assault on Precinct 13,1976,7.4
Free State of Jones,2016,6.9
Star Trek: Generations,1994,6.6
Toy Soldiers,1991,6.6
Batman: Mask of the Phantasm,1993,7.8
The Transformers: The Movie,1986,7.3
Airport,1970,6.6
Ging chaat goo si,1985,7.6
Yi dai zong shi,2013,6.6
Chi bi,2008,7.4
Mosul,2019,7.2
Slow West,2015,6.9
Arlington Road,1999,7.2
The Art of Self-Defense,2019,6.6
Meng long guo jiang,1972,7.3
Appaloosa,2008,6.7
Siu Lam juk kau,2001,7.3
Rurôni Kenshin: Sai shûshô - The Final,2021,7.3
The War of the Worlds,1953,7.1
Death Sentence,2007,6.7
The Ray,2022,6.7
Into the White,2012,7.2
Taxi,1998,7.0
F/X,1986,6.7
Doragon bôru chô: Burorî,2018,7.8
Midway,1976,6.8
We Own the Night,2007,6.8
Coffy,1973,6.8
Sarpatta Parambarai,2021,8.7
Trollhunters: Rise of the Titans,2021,6.8
Zui quan,1978,7.5
Shaft,1971,6.6
Rosewood,1997,7.2
Asuran,2019,8.6
Dragon: The Bruce Lee Story,1993,7.0
Aknyeo,2017,6.7
Kiss of the Dragon,2001,6.6
Banlieue 13,2004,7.1
Mortal Kombat Legends: Battle of the Realms,2021,6.6
The Getaway,1972,7.4
Dragonslayer,1981,6.7
Vikram Vedha,2017,8.3
Machine Gun Preacher,2011,6.8
Ngo si seoi,1998,6.9
Tropa de Elite,2007,8.0
Jûbê ninpûchô,1993,7.9
Jing wu men,1972,7.3
Seraphim Falls,2006,6.7
Ludo,2020,7.6
Celda 211,2009,7.6
Hero,2022,7.7
Hung fan kui,1995,6.8
Yip Man 2,2010,7.5
Megan Leavey,2017,7.1
Green Zone,2010,6.8
Sanak,2021,6.9
Unleashed,2005,7.0
Born a Champion,2021,6.9
Bajirao Mastani,2015,7.3
The Taking of Pelham One Two Three,1974,7.7
Kuai can che,1984,7.2
Shoot to Kill,1988,6.8
French Connection II,1975,6.8
"Faster, Pussycat! Kill! Kill!",1965,6.7
Mugen no jûnin,2017,6.8
Nothing to Lose,1997,6.7
Lat sau san taam,1992,7.8
Rush,1991,6.8
The Recruit,2003,6.6
Snabba cash,2010,6.7
El infierno,2010,7.7
Samâ uôzu,2009,7.5
Jûsan-nin no shikaku,2010,7.6
Sin-gwa ham-kke: Jwi-wa beol,2017,7.3
Huo Yuan Jia,2006,7.6
Jui kuen II,1994,7.6
Outland,1981,6.6
Get the Gringo,2012,7.0
Hera Pheri,2000,8.2
Class of 1984,1982,6.6
Paid in Full,2002,7.1
Ghajini,2008,7.4
Teen Titans Go! To the Movies,2018,6.8
Doctor,2021,7.6
The Brave One,2007,6.7
Tom yum goong,2005,7.1
Xi you: Xiang mo pian,2013,6.8
Battlestar Galactica,1978,6.9
Uri: The Surgical Strike,2019,8.3
Micmacs à tire-larigot,2009,7.2
Ying,2018,7.0
Man cheng jin dai huang jin jia,2006,7.0
Shooter,2022,8.4
Yip Man 3,2015,7.1
Der Baader Meinhof Komplex,2008,7.4
Joheunnom nabbeunnom isanghannom,2008,7.3
16 Blocks,2006,6.6
Master,2021,7.8
The Brothers Bloom,2008,6.8
El robo del siglo,2020,7.2
Anniyan,2005,8.3
Year of the Dragon,1985,6.9
The Professionals,1966,7.3
Wild Target,2010,6.8
Bai She 2: Qing She jie qi,2021,6.8
Harry Brown,2009,7.2
Wings,1927,7.5
Stakeout,1987,6.6
Deep Cover,1992,6.9
The Great Raid,2005,6.7
The Golden Voyage of Sinbad,1973,6.8
Don,2006,7.2
Tang shan da xiong,1971,7.0
Salinjaui gieokbeob,2017,7.2
Kingsglaive: Final Fantasy XV,2016,6.8
Pan-dola,2016,6.7
The Way of the Gun,2000,6.7
Kaithi,2019,8.5
Drive,1997,6.7
Black Friday,2004,8.5
Dip huet seung hung,1989,7.8
Yôjû toshi,1987,6.8
Don 2,2011,7.1
Malik,2021,8.2
Død snø 2,2014,6.9
Dhoom:2,2006,6.6
Lung hing foo dai,1986,7.0
Evangelion Shin Gekijôban: Jo,2007,7.7
Brooklyn's Finest,2009,6.7
Fainaru fantajî sebun adobento chirudoren,2005,7.2
Thursday,1998,7.2
The 7th Voyage of Sinbad,1958,7.1
My Hero Academia - Boku no hîrô akademia THE MOVIE - Heroes: Rising - Hîrôzu: Raijingu,2019,7.9
Lucifer,2019,7.5
San ging chaat goo si,2004,7.0
Hellfighters,1968,6.6
Son of Rambow,2007,7.0
Warning,2021,9.0
Bakemono no ko,2015,7.6
Vampire Hunter D: Bloodlust,2000,7.7
Jigarthanda,2014,8.3
The Emerald Forest,1985,6.9
To End All Wars,2001,7.0
Rupan sansei: Kariosutoro no shiro,1979,7.6
Fei ying gai wak,1991,7.3
Judgment Night,1993,6.6
Gunhamdo,2017,7.1
Raees,2017,6.8
Kidô senshi Gandamu: Senkô no Hasauei,2021,6.7
Dung che sai duk,1994,7.1
Ying hung boon sik,1986,7.5
Hwanghae,2010,7.3
Boku no hîrô akademia THE MOVIE ~ 2-ri no eiyû ~,2018,7.5
Om Shanti Om,2007,6.7
Mortal Kombat Legends: Scorpion's Revenge,2020,7.5
Black '47,2018,6.9
State of Siege: Temple Attack,2021,8.0
Sanjuro,1962,8.1
Batman: Gotham by Gaslight,2018,6.7
Siu nin Wong Fei Hung chi: Tit ma lau,1993,7.5
Vada Chennai,2018,8.5
Zatôichi,2003,7.5
A Wednesday,2008,8.1
Bis ans Ende der Welt,1991,6.8
Constantine: City of Demons,2018,7.4
Ging chaat goo si III: Chiu kup ging chaat,1992,6.9
Cloak & Dagger,1984,6.6
Wasabi,2001,6.7
Baby,2015,8.0
Ging chaat goo si 4: Gaan dan yam mo,1996,6.6
El día de la bestia,1995,7.4
Haider,2014,8.1
Muddy,2021,8.4
Dirty Mary Crazy Larry,1974,6.7
Wong Fei Hung,1991,7.3
Badava Rascal,2021,8.4
Cheong-nyeon-gyeong-chal,2017,7.3
Evangerion shin gekijôban: Ha,2009,8.0
Bajrangi Bhaijaan,2015,8.0
Extreme Prejudice,1987,6.7
Taegukgi hwinalrimyeo,2004,8.0
Heaven & Earth,1993,6.8
Karnan,2021,8.2
Black Gold,2011,6.6
Kabir Singh,2019,7.1
Sholay,1975,8.2
Superman II: The Richard Donner Cut,2006,7.6
Una película de policías,2021,7.1
Alan Partridge: Alpha Papa,2013,6.9
Rx 100,2018,7.0
Fan,2016,7.0
Petta,2019,7.3
Sherni,2021,6.8
'A' gai wak,1983,7.4
Gekijouban Bishoujo Senshi Sailor Moon Eternal,2021,7.1
Andaz Apna Apna,1994,8.1
Sonatine,1993,7.5
Delhi Belly,2011,7.6
Chocolate,2008,7.0
Satya,1998,8.3
Udta Punjab,2016,7.8
Main Hoon Na,2004,7.0
Queimada,1969,7.3
Mai wei,2011,7.7
Only the Strong,1993,6.7
Badlapur,2015,7.4
JCVD,2008,7.1
Yong-eui-ja,2013,6.9
Raazi,2018,7.8
Xin shao lin si,2011,6.9
Shurayukihime,1973,7.7
The Bridge at Remagen,1969,6.7
Lupin III: The First,2019,6.9
Evangelion Shin Gekijôban: Kyu,2012,7.0
Jing wu ying xiong,1994,7.5
L'instinct de mort,2008,7.5
Theeran Adhigaaram Ondru,2017,8.3
Tekkon kinkurîto,2006,7.6
Agneepath,2012,6.9
Eega,2012,7.8
Ging chaat goo si juk jaap,1988,7.1
Enemy,2021,6.8
Lik wong,1991,7.1
Code Geass: Fukkatsu No Lelouch,2019,7.4
Battle in Seattle,2007,6.7
Mutafukaz,2017,6.7
Check,2021,6.6
The Wind and the Lion,1975,6.9
Ram Asur,2021,8.6
Sutorîto faitâ II gekijô-ban,1994,7.3
Race with the Devil,1975,6.6
Saints and Soldiers,2003,6.7
Merantau,2009,6.7
Mother India,1957,8.0
Raid,2018,7.4
Namhansanseong,2017,6.8
Autoreiji,2010,6.8
Bilal: A New Breed of Hero,2015,7.8
The Powerpuff Girls Movie,2002,6.6
Dear Comrade,2019,7.4
Jodhaa Akbar,2008,7.6
When Worlds Collide,1951,6.6
Hit,2020,7.7
Dhoom,2004,6.7
L'ennemi public n°1,2008,7.5
Race Gurram,2014,7.3
Kesari,2019,7.4
Shin seiki Evangelion Gekijô-ban: Shito shinsei,1997,7.4
Goodachari,2018,7.9
Narrow Margin,1990,6.6
Shi di chu ma,1980,7.1
The Assignment,1997,6.9
Beterang,2015,7.0
Avane Srimannarayana,2019,7.9
Reign of the Supermen,2019,6.8
Dou foh sin,2007,6.8
Dobermann,1997,6.6
Dragon Ball Z: Doragon bôru Z - Kami to Kami,2013,7.2
Paan Singh Tomar,2012,8.2
Matando Cabos,2004,7.5
Ajagajantharam,2021,8.0
Kaabil,2017,7.1
Taish,2020,7.5
Se ying diu sau,1978,7.4
Batman: Return of the Caped Crusaders,2016,6.8
Race,2008,6.7
Sultan,2016,7.0
Jallikattu,2019,7.5
Batla House,2019,7.2
Suchîmubôi,2004,6.9
Mard Ko Dard Nahin Hota,2018,7.4
Omkara,2006,8.1
Indigènes,2006,7.0
Go Goa Gone,2013,6.7
Arjun Reddy,2017,8.1
Stander,2003,7.1
I,2015,7.4
Tai gik Cheung Sam Fung,1993,7.2
Aaraattu,2022,8.1
Mardaani,2014,7.3
Gangs of 18,2022,9.1
Jung on zo,1993,6.8
Tanhaji: The Unsung Warrior,2020,7.6
AK vs AK,2020,6.9
Yennai Arindhaal,2015,7.3
Maharshi,2019,7.3
Truck Turner,1974,6.9
Sarkar,2005,7.6
Xin Su shi jian,2009,7.0
Xi you ji zhi da sheng gui lai,2015,6.8
Krack,2021,7.2
Koi... Mil Gaya,2003,7.1
Wu xia,2011,7.1
Tau ming chong,2007,7.0
La French,2014,7.1
Promare: Puromea,2019,7.1
Bhavesh Joshi Superhero,2018,7.6
Republic,2021,8.3
The Hornet's Nest,2014,6.7
Mersal,2017,7.8
Choi-jong-byeong-gi hwal,2011,7.2
Babumoshai Bandookbaaz,2017,6.9
Bo bui gai wak,2006,6.6
Sonchiriya,2019,8.1
Titli,2014,7.6
Madras Cafe,2013,7.7
9 rota,2005,7.1
Operation Crossbow,1965,6.6
Mary Kom,2014,6.8
Fanaa,2006,7.2
Darr,1993,7.8
Enthiran,2010,7.1
Ghajini,2005,7.6
Tere Naam,2003,7.2
1971,2007,8.2
Wazir,2016,7.2
Khuda Haafiz,2020,7.4
Virumandi,2004,8.4
Scott of the Antarctic,1948,7.0
Fei lung mang jeung,1988,7.2
Singham,2011,6.8
Kôkaku kidôtai 2.0,2008,8.0
Dasavatharam,2008,7.3
Golmaal: Fun Unlimited,2006,7.5
Bheeshma,2020,6.7
Rakshasudu,2019,8.1
Aqua Teen Hunger Force Colon Movie Film for Theaters,2007,6.7
Ayyappanum Koshiyum,2020,8.1
Kannathil Muthamittal,2002,8.4
Too Late the Hero,1970,6.7
Morituri,1965,7.0
Baadshah,1999,6.9
The New Centurions,1972,7.0
Dong-chang-saeng,2013,6.7
Khal Nayak,1993,7.2
Arya 2,2009,7.4
Awarapan,2007,7.3
Magadheera,2009,7.7
Varathan,2018,7.5
Nae-bu-ja-deul,2015,7.1
Sarrainodu,2016,6.6
Company,2002,8.0
Amar Akbar Anthony,1977,7.5
Baai ga jai,1981,7.4
Gongjo,2017,6.6
Zan xian sheng yu zhao qian Hua,1978,7.3
1 - Nenokkadine,2014,8.1
Mr. India,1987,7.8
Laal Kaptaan,2019,7.3
Wong Fei Hung II: Nam yee tung chi keung,1992,7.4
Jian yu,2010,6.8
Qi mou miao ji: Wu fu xing,1983,6.7
Angamaly Diaries,2017,8.0
24,2016,7.9
Mardaani 2,2019,7.4
"Ruben Brandt, a gyujto",2018,7.5
Six-String Samurai,1998,6.6
Chasseurs de dragons,2008,6.6
Dragon Ball Z: Fukkatsu no Fusion!! Gokuu to Vegeta,1995,7.7
"Bon Cop, Bad Cop",2006,6.8
De zaak Alzheimer,2003,7.3
La proie,2011,6.7
Ying hung boon sik II,1987,7.3
Kuruthipunal,1995,8.5
Rocky Handsome,2016,6.8
Sye Raa Narasimha Reddy,2019,7.4
Parmanu: The Story of Pokhran,2018,7.7
Take Off,2017,8.2
Kei zik,1989,7.0
NH10,2015,7.2
Gabbar Is Back,2015,7.1
Mei Gong he xing dong,2016,6.6
Fong Sai Yuk,1993,7.2
Gojira vs. Biorante,1989,6.6
Les Lyonnais,2011,7.0
Lung foo fung wan,1987,7.1
Appurushîdo,2004,7.0
Mukkabaaz,2017,8.0
Gadar: Ek Prem Katha,2001,7.3
Pithamagan,2003,8.4
'A' gai wak 2,1987,7.1
Karan Arjun,1995,6.8
Bigil,2019,6.9
Gekijô-ban hagane no renkinjutsushi: Shanbara wo yuku mono,2005,7.4
Arya,2004,7.8
Hoi-sa-won,2012,6.7
Lakshya,2004,7.9
Gekijouban Poketto monsutâ: koko,2020,6.6
Ma-seu-teo,2016,6.6
Nayak: The Real Hero,2001,7.8
À bout portant,2010,6.8
Theri,2016,7.4
Jinde Meriye,2020,7.0
Sangharsh,1999,6.8
Siu ngo gong woo: Dung Fong Bat Bai,1992,7.2
Dead or Alive: Hanzaisha,1999,6.8
Shi ba ban wu yi,1982,6.9
Da bing xiao jiang,2010,6.9
Holiday,2014,7.3
So duk,2013,6.6
Saheb Biwi Aur Gangster,2011,7.2
Omerta,2017,7.2
Swiri,1999,6.6
Oye Lucky! Lucky Oye!,2008,7.7
Ghulam,1998,7.3
Lajja,2001,6.7
Detective Byomkesh Bakshy!,2015,7.7
Naa Peru Surya Na Illu India,2018,6.8
Uppena,2021,6.8
Du zhan,2012,7.0
Blood: The Last Vampire,2000,6.7
Chakra,2021,6.9
Beyond Rangoon,1995,6.6
Renaissance,2006,6.7
Autoreiji: Biyondo,2012,6.8
Ghayal,1990,7.6
Aravindha Sametha Veera Raghava,2018,7.6
Foo gwai lip che,1986,7.0
Kaminey,2009,7.4
Deewaar,1975,8.1
Adieu l'ami,1968,6.9
Main Khiladi Tu Anari,1994,6.6
Torbaaz,2020,6.7
Bulhandang,2017,6.7
Kammatti Paadam,2016,8.0
Shinobi,2005,6.9
Bhajarangi 2,2021,7.4
Sarfarosh,1999,8.1
Imaikkaa Nodigal,2018,7.4
Agneepath,1990,7.7
Ravana Lanka,2021,7.8
Once Upon a Time in Mumbaai,2010,7.4
Vishwaroopam,2013,8.1
Pataakha,2018,7.2
Chekka Chivantha Vaanam,2018,7.2
Gui da gui,1980,7.1
Gentleman,2020,6.9
Vakeel Saab,2021,7.7
Sarkar,2018,7.0
Shaitan,2011,7.2
Di renjie: Tong tian di guo,2010,6.6
Gojira X Mekagojira,2002,6.7
Mudhalvan,1999,8.4
Ramayana: The Legend of Prince Rama,1992,9.1
Nitro Circus: The Movie,2012,6.7
Sethu,1999,8.1
Arrambam,2013,7.1
Thadam,2019,8.2
Boy Wonder,2010,6.8
Wong ga si je IV: Jik gik jing yan,1989,7.1
Aayirathil Oruvan,2010,8.1
Kap ba ba dik sung,1995,6.6
Ishq,1997,6.9
Gupt: The Hidden Truth,1997,7.3
Appleseed Alpha,2014,6.6
Shool,1999,7.7
Don,1978,7.8
Yuva,2004,7.4
Vedam,2010,8.1
Lin Shi Rong,1979,7.3
Nannaku Prematho,2016,7.6
Fong juk,2006,7.2
Devadas,2018,6.7
Todd McFarlane's Spawn 2,1998,8.4
S/O Satyamurthy,2015,7.1
Raja Vikramarka,2021,7.5
Hon zin,2012,6.7
Saala Khadoos,2016,7.6
Sivaji,2007,7.5
Yuvarathnaa,2021,6.8
Spyder,2017,6.6
Wanted,2009,6.6
Thani Oruvan,2015,8.4
Iyobinte Pusthakam,2014,7.7
Chatrapathi,2005,7.7
Gekijô-ban - Bishôjo senshi Sêrâ Mûn R,1993,7.7
Irumbu Thirai,2018,7.7
Kaho Naa... Pyaar Hai,2000,6.9
Daana Veera Soora Karna,1977,8.9
Big B,2007,7.7
Dung fong tuk ying,1987,7.1
Laawaris,1981,7.1
Ayitha Ezhuthu,2004,7.9
Sin-ui hansu,2014,6.7
Kavan,2017,7.1
Indian,1996,8.1
...tick... tick... tick...,1970,6.7
Atharintiki Daaredi,2013,7.3
Bharat Ane Nenu,2018,7.7
Gumnaami,2019,7.9
Gaddalakonda Ganesh,2019,6.6
Tokyo Fist,1995,7.1
Shagird,2011,7.1
Bekushiru: 2077 Nihon sakoku,2007,6.8
Nenu Sailaja,2016,7.0
Baban,2018,7.7
Ucha Pind,2021,7.7
Mo gong,2006,6.7
Wong Fei Hung III: Si wong jaang ba,1992,6.8
Khiladi,1992,7.2
Xi yang tian shi,2002,6.7
Thambi,2019,6.8
Chaalbaaz,1989,6.8
Salaga,2021,7.5
Arjun,1985,7.2
Apaharan,2005,7.4
Kaththi,2014,8.1
Vaaranam Aayiram,2008,8.2
The Hacker,2019,8.2
Supurigan,1998,6.6
Digimon Adventure: Last Evolution Kizuna,2020,7.5
The Ghazi Attack,2017,7.6
Julayi,2012,7.3
Porinju Mariam Jose,2019,6.8
Traffic,2011,8.1
Dhool,2003,7.2
Raavanan,2010,6.9
Golden Treasure,2016,8.3
Bhaagamathie,2018,7.1
Fong Sai Yuk 2,1993,7.0
Unnaipol Oruvan,2009,8.0
Naseeb,1981,7.1
Deewana,1992,6.9
Thuppakki,2012,8.1
Jora: The Second Chapter,2020,7.7
Saamy,2003,7.3
Shun liu ni liu,2000,6.8
Dhamaal,2007,7.4
Karz,1980,7.5
Wong ga jin si,1986,6.9
Haqeeqat,1964,7.8
Salim,2014,6.8
Rewind,2021,8.4
Coldblooded,1995,6.7
Rocky,1981,6.9
Kathakali,2016,6.6
Naanum Rowdydhaan,2015,7.3
Maryada Ramanna,2010,7.5
Ginga tetsudô Three-Nine,1979,7.4
Kick,2009,7.9
Kala,2021,6.8
118,2019,6.6
Velaiilla Pattadhari,2014,7.9
Okkadu,2003,8.0
Nam yee boon sik,2007,6.8
Chakravarthy,2017,7.2
Swathanthryam Ardharathriyil,2018,7.4
Dragon Ball: Shenron no Densetsu,1986,6.9
Gabbar Singh,2012,7.1
Red,2021,6.6
Vikramarkudu,2006,7.7
Aakrosh,2010,7.0
Viswasam,2019,6.6
Popcorn Monkey Tiger,2019,7.5
Safe,2019,7.3
The Legend of Bhagat Singh,2002,8.1
Hannibal Brooks,1969,6.6
Uriyadi,2016,8.0
One Piece: Episode of Alabaster - Sabaku no Ojou to Kaizoku Tachi,2007,7.0
Subramaniapuram,2008,8.1
Parugu,2008,7.1
Romeo Akbar Walter,2019,6.6
Ugramm,2014,8.1
Aadukalam,2011,8.2
Pudhu Pettai,2006,8.5
Shootout at Lokhandwala,2007,7.1
Poorna,2017,7.8
Ajay,2006,7.1
Indra,2002,7.4
C.I.D.,1956,7.3
Tagaru,2018,8.0
Vidhaata,1982,7.2
Simhadri,2003,7.4
Criminal Minds,1998,7.0
Gang Leader,2019,7.7
Monsoon Shootout,2013,6.7
Moothon,2019,7.5
Onaayum Aattukkuttiyum,2013,8.2
Khoon Bhari Maang,1988,6.6
Sajjan Singh Rangroot,2018,7.6
Grandmaster,2012,7.0
Kodi,2016,6.8
Saheb Biwi Aur Gangster Returns,2013,6.8
Johny Mera Naam,1970,7.4
Marshal,2019,6.7
Shikari,2016,6.8
Maanagaram,2017,8.2
Kodiyil Oruvan,2021,6.9
Happy,2006,7.1
Karma,1986,7.4
Devasuram,1993,8.7
Gangaajal,2003,7.8
Kotigobba 3,2021,6.6
Brindaavanam,2010,7.2
Twenty:20,2008,6.8
Luk ting kei,1992,7.1
Mohra,1994,7.0
Faster Fene,2017,7.9
Ichi,2008,6.6
Xian si jue,1983,7.2
Za jia xiao zi,1979,7.3
Mirchi,2013,7.3
Janatha Garage,2016,7.3
Saga of Tanya the Evil Movie,2019,7.6
I Went Down,1997,6.9
Neram,2013,7.5
Chakravyuh,2012,6.8
Hello,2017,7.4
Geung see sin sang,1985,7.4
Yamadonga,2007,7.3
Aaranya Kaandam,2010,8.6
Kolaigaran,2019,7.2
Jerusalema,2008,7.3
Thupparivaalan,2017,7.6
Srimanthudu,2015,7.6
Naan Kadavul,2009,7.8
Aadhi,2018,6.6
Vaastav: The Reality,1999,8.0
Mufti,2017,8.1
Dhruva,2016,7.8
Thalapathi,1991,8.5
The Great Father,2017,7.2
Madras,2014,8.0
Taiyô no ôji: Horusu no daibôken,1968,6.6
Khakee,2004,7.4
Hum Kisise Kum Naheen,1977,7.2
Hrafninn flýgur,1984,6.7
Moosa Jatt,2021,7.1
Adhurs,2010,6.8
PSV Garuda Vega,2017,7.8
Kranti,1981,7.2
Parava,2017,8.1
Solo,2017,7.1
Athadu,2005,8.2
Jil Jung Juk,2016,6.8
Kalki,2019,6.9
Teddy,2021,6.6
Aamir,2008,7.7
Return of Hanuman,2007,7.2
Muthu,1995,7.6
Arjun: The Warrior Prince,2012,6.9
Gojira vs. Mekagojira,1993,6.6
8 Thottakkal,2017,7.6
Mera Gaon Mera Desh,1971,7.0
Maryan,2013,7.1
Fate Grand Order: The Grand Temple of Time,2021,7.1
Gunda,1998,7.4
Pokiri,2006,7.9
Marjaney,2021,7.0
Duniya,1984,6.9
Baasha,1995,8.3
Hatya,1988,6.9
Raag Desh,2017,8.1
Narappa,2021,8.1
Kaalapani,1996,8.4
Appurushido: Ekusu makina,2007,7.1
Nayeem Diaries,2021,9.5
Escaflowne,2000,6.7
Bhadra,2005,6.8
Zombie Reddy,2021,6.9
Adavi Ramudu,1977,7.3
Kaadan,2021,7.9
Killing Veerappan,2016,7.2
Eiga Doraemon Shin Nobita to tetsujin heidan: Habatake tenshitachi,2011,7.8
D-Day,2013,7.2
Maayavan,2017,7.3
Parinda,1989,7.8
Jalsa,2008,7.4
Oppam,2016,7.4
Yaarana,1981,7.1
Subedar Joginder Singh,2018,7.2
Heneral Luna,2015,7.5
Super Machi,2022,9.2
Om,1995,8.8
Gangster,2006,7.1
Nid de guêpes,2002,6.7
Chittagong,2012,7.3
Kireedam,1989,8.9
Lakshmi Narasimha,2004,6.7
Kammara Sambhavam,2018,7.3
Kala Shehar,2021,7.7
Jjakpae,2006,6.6
Mr. And Mrs. Ramchari,2014,7.4
Chalthe Chalthe,2018,8.9
Oosaravelli,2011,6.6
Thaanaa Serndha Koottam,2018,6.7
Rajathandhiram,2015,7.6
Gekijô-ban - Bishôjo senshi Sêrâ Mûn S,1994,7.7
Kali,2016,6.9
Chuen zik saat sau,2001,6.9
Kaalidas,2019,6.8
Pukar,2000,6.8
Shiva,1989,8.1
Narasimhapuram,2021,7.7
"O Que é Isso, Companheiro?",1997,7.4
Family of Thakurganj,2019,8.2
Iravukku Aayiram Kangal,2018,7.4
The Burning Train,1980,6.8
Ab Tak Chhappan,2004,7.8
Musa,2001,7.1
1942: A Love Story,1994,7.2
Chandramukhi,2005,7.2
Ghatak: Lethal,1996,7.4
Aamar Pratigya,2008,8.0
Unda,2019,7.9
Tiyaan,2017,6.6
Caravan,1971,6.8
Tendre poulet,1977,6.7
Polladhavan,2007,7.7
Seetharama Kalyana,2019,7.6
Pulimurugan,2016,6.8
George Reddy,2019,7.0
Nicotina,2003,6.6
Putt Jattan De,1983,7.6
Power Paandi,2017,7.5
Dharmatma,1975,6.7
Dookudu,2011,7.5
Paruthiveeran,2007,8.2
Action Hero Biju,2016,7.7
Kadhalan,1994,7.2
Gandhada Gudi,1973,8.3
Dhill,2001,7.0
Nerkonda Paarvai,2019,7.8
Sandai Kozhi,2005,7.0
Sampoorna Ramayana,1961,7.5
The Attacks of 26/11,2013,6.9
Grey,2021,7.7
Kanche,2015,7.9
Naya Daur,1957,8.0
Urumi,2011,7.1
Student No. 1,2001,6.8
Saahasam Swaasaga Saagipo,2016,6.7
Maanikya,2014,6.6
Rajamanikyam,2005,7.8
Naan Mahaan Alla,2010,7.2
Badla Jatti Da,1991,7.8
Prem Pujari,1970,6.9
Rakhta Charitra,2010,7.6
Ram Lakhan,1989,6.8
The Green Force Mission 14th March,2021,7.8
Ravanaprabhu,2001,7.1
Chôjikû Yôsai Macross: Ai Oboeteimasuka,1984,7.8
Aakhree Raasta,1986,7.1
Thoongaavanam,2015,7.0
Sehar,2005,7.7
Kerala Varma Pazhassi Raja,2009,7.7
Palasa 1978,2020,7.4
Yoddha,1992,8.4
Yaadon Ki Baaraat,1973,7.4
Anjathe,2008,8.1
Dòng máu anh hùng,2007,6.9
Eureka,2020,6.9
Gentleman,1993,7.9
Bombay to Goa,1972,6.8
Hulchul,2004,7.0
Satte Pe Satta,1982,7.2
Coolie,1983,6.6
Kaavalan,2011,7.1
Pandiya Naadu,2013,7.2
Khaleja,2010,7.6
Mankatha,2011,7.6
Kotigobba 2,2016,6.8
Naachiyar,2018,6.8
Samadhi,1972,6.7
Narasimham,2000,7.5
Okka Kshanam,2017,7.0
Raakh,1989,7.5
Sridevi Soda Center,2021,6.8
Kit ji jin si,1992,7.0
Veyi Subhamulu Kalugu Neeku,2022,9.5
Vaanam,2011,7.3
Mission Kashmir,2000,6.7
Ayan,2009,7.6
Aalavandhan,2001,7.2
Ghatak,2006,6.9
Metro,2016,7.2
Kuttram 23,2017,7.4
Kaala Patthar,1979,7.7
Temper,2015,7.5
Maachis,1996,7.8
Meri Aawaz Suno,1981,6.8
Karnan,1964,8.2
Pyaar Kiya To Darna Kya,1998,6.7
Veta,1986,6.9
Carry on Maratha,2015,8.2
Thirumalai,2003,7.3
Tmavomodrý svet,2001,7.2
Jai Lava Kusa,2017,7.0
Kayamkulam Kochunni,2018,6.9
Rabb Ne Banaiyan Jodiean,2006,7.3
Kekexili,2004,7.6
San De huo shang yu Chong Mi Liu,1977,6.7
Kaakki Sattai,1985,7.1
Yakeen,1969,7.0
Sye,2004,7.5
Krishna Gaadi Veera Prema Gaadha,2016,7.5
Haterz,2022,9.1
Terror,2016,7.0
Adanga Maru,2018,7.2
Digimon Adventure tri. 5: Kyôsei,2017,7.1
Gautamiputra Satakarni,2017,6.6
Mr. Natwarlal,1979,6.6
Hera Pheri,1976,6.8
Naan Sigappu Manithan,2014,6.6
Faactory,2021,7.2
Luk ting kei II: San lung gau,1992,7.0
Na Maloom Afraad 2,2017,6.9
Phantom Boy,2015,6.6
Narasimha Naidu,2001,7.1
Raajakumara,2017,8.2
Gojira tai Mosura tai Mekagojira: Tôkyô S.O.S.,2003,6.6
Purana Purush,1978,8.2
Bishôjo senshi Sêrâ Mûn super S: Sêrâ 9 senshi shûketsu! Burakku dorîmu hôru no kiseki,1995,7.5
Aadi,2002,7.3
Varalaaru,2006,7.2
Veerana,1988,6.7
Gully Gang,2022,8.7
Krantiveer,1994,7.5
Kanamachi,2013,6.8
Kurmanjan datka,2014,7.3
Chakravyuha,2016,7.2
Business Man,2012,7.2
Sahasam,2013,6.7
Ghulam-E-Musthafa,1997,6.6
Hum,1991,6.8
Sayonee,2020,7.5
Sethupathi,2016,7.2
Shakti,1982,7.7
Padayappa,1999,8.2
Oru Kuprasidha Payyan,2018,6.9
Zanjeer,1973,7.6
Jagadam,2007,6.8
Guardian Angel,2014,7.0
Idiot,2002,7.1
Mudda 370 J&K,2019,8.3
Nandha,2001,7.8
Pokkiri,2007,7.5
Saudagar,1991,6.8
Taqdeerwala,1995,6.6
Samarasimha Reddy,1999,7.4
Pathala Bhairavi,1951,8.4
Amma Nanna O Tamila Ammayi,2003,7.4
Kothala Rayudu,2022,9.5
Aa Gale Lag Jaa,1973,7.2
Run,2002,7.1
Abrahaminte Santhathikal,2018,7.3
Dandam,2019,8.1
Kuchhe Dhaage,1973,6.9
Ghilli,2004,8.0
Kaakha..Kaakha: The Police,2003,8.1
Rangoon,2017,7.1
WXIII: Patlabor the Movie 3,2001,6.8
Kaalia,1981,6.8
Singam,2010,6.9
Vettaiyaadu Vilaiyaadu,2006,7.9
Velaikkaran,2017,7.3
Gharshana,2004,7.4
Dhruvam,1993,8.2
Ankush,1986,7.6
Antapal,2012,6.6
Namak Halaal,1982,7.3
Aan,1952,7.0
Gang Leader,1991,7.8
Arjun Suravaram,2019,6.9
Express Raja,2016,7.0
Fatteshikast,2019,8.6
China Gate,1998,6.6
Neninthe,2008,7.0
ACT 1978,2020,7.9
Bhairava Dweepam,1994,8.0
Heroes of Dirt,2015,7.0
Mirageman,2007,7.0
Enga Veetu Pillai,1965,7.1
Apoorva Sagodharargal,1989,8.3
Pichaikkaran,2016,7.6
Enpathukalile Ebhyamar,2021,8.0
Uppi 2,2015,8.0
Jagadeka Veerudu Athiloka Sundari,1990,8.0
Anthahpuram,1998,7.5
Neevevaro,2018,6.9
"Was tun, wenn's brennt?",2001,6.8
Filter Gold,2021,7.5
Coolie No. 1,1995,6.6
Maro Prasthanam,2021,8.3
Tagore,2003,7.8
Ratnakar,2019,6.8
Guru,2017,7.9
Aankhen,1993,6.7
Adhe Kangal,2017,7.3
Takkari Donga,2002,6.7
Patthar Ke Sanam,1967,6.6
Pailwaan,2019,6.6
Baishe Srabon,2011,8.1
Meagamann,2014,6.8
Khaidi,1983,7.4
Yahudi,1958,7.2
Thammudu,1999,7.9
Eiga Doraemon: Nobita to kiseki no shima - Animaru adobenchâ,2012,6.9
Mujhe Jeene Do,1963,6.7
Mashaal,1984,7.3
Sathyaa,1988,7.9
Sunghursh,1968,7.0
Samehada otoko to momojiri onna,1998,6.7
Thadaiyara Thaakka,2012,7.3
Kidô senshi Gundam F91,1991,6.6
Agnee,2004,6.7
Anegan,2015,6.7
Final Solution,2001,6.9
Rana Vikrama,2015,6.6
Officer Arjun Singh IPS,2019,7.2
Jora 10 Numbaria,2017,6.6
Hebbuli,2017,7.1
Spadikam,1995,8.6
Valliettan,2000,6.7
Dust to Glory,2005,7.5
Raam,2005,7.8
Naadodigal,2009,7.7
Les grandes gueules,1965,7.0
Rupinder Gandhi 2: The Robin Hood,2017,7.2
Pataas,2015,6.7
Kireedam,2007,6.6
Pasivadi Pranam,1987,7.8
Hero,2021,6.6
Apradh,1972,7.0
Ramana,2002,8.2
Victoria No. 203,1972,7.1
Dakuaan Da Munda,2018,7.9
Rupinder Gandhi the Gangster..?,2015,7.6
Badri,2001,7.1
Natasaarvabhowma,2019,7.1
Thana Sadar,2021,6.8
Goli Soda,2014,7.7
Snow Treasure,1968,6.6
Roti Kapada Aur Makaan,1974,6.9
Aithe,2003,8.1
Gaganam,2011,7.2
Appu,2002,8.1
Kondaveeti Simham,1981,7.3
Ek,2019,7.7
ASHWAMEDHAM,2019,8.5
Ranathanthra,2016,6.6
Kanchana: Muni 2,2011,6.7
New Delhi,1987,8.0
Patra Vaitha Nerupondru,2020,6.9
Run Baby Run,2012,6.6
Azaad,1978,7.2
Har Har Byomkesh,2015,6.8
Dubai Seenu,2007,6.6
Vil Ambu,2016,6.9
Ghulami,1985,7.2
Bangrajan,2000,6.7
Aham Brahmasmi,2019,8.7
Satyamev Jayate,1987,6.7
Koorman,2022,7.1
Uriyadi 2,2019,7.2
Overtake,2017,6.6
Hitler,1996,7.4
Sambo Siva Sambho,2010,6.8
The Gift,2010,6.9
Nijam,2003,6.7
Arindhum Ariyamalum,2005,7.2
Mouna Guru,2011,7.8
Protibad,2001,8.2
Namma Basava,2005,8.5
Payanam,2011,7.3
Hello Brother,1994,7.3
Goli Soda 2,2018,7.2
Faraar,1975,6.9
Toofan Singh,2017,7.2
Mayavi,2007,6.8
Sivappu Manjal Pachai,2019,7.2
Kariya,2003,7.7
EkDe Ek,2021,8.4
Akasmika,1993,7.2
Risk,2007,6.6
Amir Garib,1974,6.6
Huccha,2001,7.4
Tarak,2017,7.3
Johnny,1980,7.5
5 Rifles,1974,6.6
Sip si 32 dou,1996,6.7
Choodalani Vundi,1998,7.1
Bachchan,2013,6.7
Alluri Seetharama Raju,1974,7.6
Gopi,1970,7.0
Arunachalam,1999,7.4
Campus Diary,2016,7.3
Uruthikol,2017,6.8
Kempe Gowda 2,2019,7.8
Sneham Kosam,1999,6.6
Kab? Kyoon? Aur Kahan?,1970,6.8
Padaka,2021,9.0
Maaveeran Kittu,2016,6.7
Arima Nambi,2014,6.9
Billa,2007,7.3
Agni Natchathiram,1988,7.7
Kondaveeti Donga,1990,7.0
Jogi the King,2005,7.5
Navagraha,2008,7.8
Kempe Gowda,2011,7.2
Abhaya,2017,7.8
Thommanum Makkalum,2005,6.6
Cabin,2021,9.3
Farzand,2018,8.3
The Death Sentence: Mrityu Dand,1997,7.3
Lion,2006,6.7
Sangharsh,2018,6.9
Magic,2021,7.4
Ankhen,1968,7.2
Falaknuma Das,2019,6.6
Kadaikutty Singam,2018,7.0
Krishna Aur Kans,2012,6.7
Commissioner,1994,7.6
Mission China,2017,7.0
Be-Reham,1980,6.7
College Diary,2019,8.0
Khadgam,2002,7.8
Lelam,1997,7.3
The King,1995,7.8
Prithvi,2010,7.9
On Any Sunday: The Next Chapter,2014,7.1
Champions of the Deep,2012,7.9
Hero,1983,6.8
Jaali Note,1960,7.3
Kanchanjangha,2019,8.6
Tippu,2015,6.7
Suspended Inspector Boro,2018,8.2
Gharana Mogudu,1992,7.4
Karthavyam,1990,7.0
Simhasanam,1986,8.0
Theeram,2021,7.8
Ankusham,1990,7.6
Kaliveera,2021,7.5
Yamudiki Mogudu,1988,7.4
Shree,2002,6.7
Preminchukundam Raa,1997,7.2
Digimon Adventure tri. 4: Sôshitsu,2017,7.3
Taanashah,2020,7.6
Okkadunnadu,2007,7.4
Vietnam Colony,1992,7.8
Driver Ramudu,1979,7.9
Ganesh,1998,7.2
Mong ming yuen yeung,1988,7.1
Andhrudu,2005,6.7
Ratanpur,2018,6.8
Duniya Meri Jeb Mein,1979,7.0
Chenkol,1993,7.8
Money,1993,7.1
Samrajyam,1990,7.5
Power,2014,7.3
Gulabi,1996,7.0
Ek Se Badhkar Ek,1976,7.0
Nayakan,2010,6.6
Advaitham,1991,7.0
Puthukkottayile Puthumanavalan,1995,6.9
Mutamestri,1993,7.1
Krishnam Vande Jagadgurum,2012,6.8
My Name Is Raja,2020,7.3
Veera Madakari,2009,6.7
Master,1997,6.9
Sakthi,1980,6.6
Sathire,2004,7.0
Hudugaru,2011,7.6
Chhailla Babu,1977,6.8
Koodasha,2018,7.2
Moondru Mugham,1982,7.2
Aryan,1988,7.1
Kodama Simham,1990,6.7
Wayward: The Prodigal Son,2014,7.0
Nilaave Vaa,1998,7.4
Kidu,2018,6.6
Nippulanti Manishi,1974,6.8
Gaayam,1993,7.3
Steele's Law,1992,6.6
Jackie,2010,7.3
Ghar Jamai,2008,7.8
Yajamana,2019,6.7
Prahaar: The Final Attack,1991,8.0
Insaniyat,1955,7.5
Mission 2020,2021,8.9
Athaku Yamudu Ammayiki Mogudu,1989,7.1
U kathe hero,2018,6.8
Andar Bahar,2013,6.6
Local Kung Fu 2,2017,8.2
Dhuan,1981,7.2
Akhire Akhire,2014,7.6
Bullet Satyam,2021,9.3
Bobbili Puli,1982,7.3
Kapitan Nemo,1975,7.0
Pathram,1999,7.1
Gangster vs State,2019,7.0
Money Money,1995,6.8
Aaradhu Sinam,2016,7.0
Paws P.I.,2018,6.6
Vishnuvardhana,2011,7.3
Truck Driver,1997,6.9
Tirangaa,1992,6.9
3rd Class,2020,7.2
Nirnayam,1991,6.9
Yaare Koogadali,2012,7.7
Saarathi,2011,7.3
Dharam Yudh Morcha,2016,7.1
Nanak Dukhiya Sub Sansar,1970,8.0
Baaz,1953,7.3
Girmit,2019,7.7
Paagalpan,2001,6.8
Billabong Odyssey,2003,6.9
Savaal,1981,6.6
Kottayam Kunjachan,1990,7.4
Kolilakkam,1981,7.2
Renigunta,2009,6.8
Vetagadu,1979,6.9
Baanam,2009,7.1
Kahan Hai Kanoon,1989,7.5
Anakh Jattan Dee,1990,7.7
Zombiesthaan,2019,6.9
Agastya,2016,7.2
Aavanazhi,1986,7.3
Aan Devathai,2018,6.6
Raja Vikramarka,1990,6.7
Saheba,2017,6.9
Nirnnayam,1995,7.1
Billa Ranga,1982,7.5
AK 47,1999,7.6
Athanokkade,2005,6.9
Hanuman Junction,2001,6.9
Iraniyan,1999,8.0
Mastan,2004,6.6
Shankar Guru,1978,8.6
Ek Sainik: The Tale of a Warrior,2020,9.5
Vamshi,2008,7.5
Abhimanyu,2009,7.5
Pehli Jhalak,1955,6.7
Rowdy Alludu,1991,7.0
Fever Heat,1968,6.7
Malaikallan,1954,7.5
Narayan,2017,7.3
Balunga Toka,2011,6.7
Rajavinte Makan,1986,7.6
Govindha Govindha,1993,6.7
Nineteen Twenty One,1988,6.9
Punjabian Da King,2015,7.2
Goonda,1984,7.1
Coyotaje,2018,7.3
Devudu Chesina Manushulu,1973,7.7
Basanti,2014,6.6
Beach Road Chetan,2019,7.3
Jhiata Bigidigala,2016,8.0
Main Aur Mera Hathi,1981,6.7
Reborn,2015,7.2
Two Coyotes,2001,7.2
Falsafa,2019,7.7
Peddarikam,1992,7.1
Gekijouban Sengoku Basara: The Last Party,2011,6.8
Hakka,2017,8.8
The Akron Holy War,2017,7.7
Pyari Behna,1985,7.0
Hubballi,2006,7.0
At the Edge of the World,2008,7.3
Sriman Surdas,2018,6.6
Soggadi Pellam,1996,7.1
Anaganaga Oka Roju,1997,7.0
Nath Ek Pratha,2015,6.7
Karimpin Poovinakkare,1985,7.0
Biler Diary,2017,8.6
Tiger,2017,7.6
Unmatta,2019,7.3
Valiyor Silar,2021,9.2
Sahasra Siracheda Apoorva Chinthamani,1960,8.3
The Rally,2017,7.7
Badsha: The King,2004,7.7
Phaansi,1978,6.7
Shakti,2004,7.0
Dream,2012,8.0
Sri Krishnarjuna Vijayam,1996,7.0
Chakravarthy,1987,7.5
Do Phool,1974,6.9
Kariya 2,2017,7.1
Inspector Balram,1991,7.0
Udumba,2019,8.9
Manthrigari Viyyankudu,1983,7.4
Rana Bhumi,1995,6.8
Gudachari No.1,1983,7.1
Goodachari 116,1967,8.0
Partha,2003,7.3
Jorr Jatt Daa,1991,6.9
Bala Nagamma,1942,7.1
Valladesam,2017,8.7
My Son,2013,6.8
Mahanagaram,1992,7.1
Rudranetra,1989,6.7
Donga,1985,7.3
Alibaba 40 Dongalu,1970,7.3
Andha Bichar,1990,7.1
Clinging with Hate,2018,8.9
Snehamera Jeevitham,2017,8.4
Donga Mogudu,1987,7.3
Eeta,1978,6.9
Krishnan Love Story,2010,7.1
Trinetrudu,1988,7.2
Trayam,2021,8.8
Kande,2018,6.6
Jarab,2013,6.7
Operación Orión,2018,7.0
Aananda Jothi,1963,7.0
Number One,1994,7.0
Forgotten Heroes,1990,6.9
Seizer,2019,7.0
Run Antony,2016,7.4
Red Trousers: The Life of the Hong Kong Stuntmen,2003,6.8
Jigri Yaar,1984,7.4
Karma Cartel,2014,6.8
Huan le long hu bang,1986,6.8
Chanakya Chandragupta,1977,7.5
Prince the Fighter,2021,8.1
681 - Velichieto na hana,1981,8.2
Rakhi Aur Hathkadi,1972,6.9
Turning Point,2018,6.8
Pratikar,1987,7.7
Aadu Puli Attam,1977,6.7
Chanda Sasanudu,1983,6.9
Tomar Rakte Amar Sohag,1993,7.3
R.I.C.C.O.,2002,7.5
Vicky Dada,1989,7.0
Justice Chowdhary,1982,7.1
Terror Strike,2018,6.6
Ki Heba Sua Posile,1991,6.6
Everyday,2003,6.9
Naaduvazhikal,1989,7.2
Khalsa,1999,6.6
January Oru Orma,1987,6.8
Inti Guttu,1984,6.9
Operation Diamond Racket,1978,7.4
Jai Bhajarangi,2021,8.0
Striker,2019,7.2
Velakkariyayirunnalum Neeyen Mohavalli,2018,7.2
Rahasyam,1967,6.6
Satyameba Jayate,2008,6.8
Kaphal: Wild Berries,2013,8.6
