Encanto,2021,7.3
Jackass Forever,2022,7.6
Don't Look Up,2021,7.2
Licorice Pizza,2021,7.8
Ghostbusters: Afterlife,2021,7.2
CODA,2021,8.1
Sing 2,2021,7.5
Verdens verste menneske,2021,7.9
I Want You Back,2022,6.7
Red Rocket,2021,7.2
The French Dispatch,2021,7.3
The Suicide Squad,2021,7.2
Free Guy,2021,7.2
Ghostbusters,1984,7.8
The Wolf of Wall Street,2013,8.2
Kingsman: The Secret Service,2014,7.7
Dog,2022,7.0
Once Upon a Time in... Hollywood,2019,7.6
Sing,2016,7.1
Kingsman: The Golden Circle,2017,6.7
The Gentlemen,2019,7.8
Gisaengchung,2019,8.6
Knives Out,2019,7.9
The Big Short,2015,7.8
Cruella,2021,7.4
Jackass: The Movie,2002,6.6
Raya and the Last Dragon,2021,7.3
The Hangover,2009,7.7
The Mitchells vs the Machines,2021,7.7
Luca,2021,7.5
Spider-Man: Into the Spider-Verse,2018,8.4
This Is Where I Leave You,2014,6.6
Jumanji: The Next Level,2019,6.7
The Other Guys,2010,6.7
Thor: Ragnarok,2017,7.9
Guardians of the Galaxy,2014,8.0
Cool Runnings,1993,7.0
Jungle Cruise,2021,6.6
The Grand Budapest Hotel,2014,8.1
Deadpool,2016,8.0
Moana,2016,7.6
Pitch Perfect,2012,7.1
American Pie,1999,7.0
Jojo Rabbit,2019,7.9
Despicable Me,2010,7.6
"Crazy, Stupid, Love.",2011,7.4
The Girl Next Door,2004,6.7
The Proposal,2009,6.7
Green Book,2018,8.2
Druk,2020,7.7
The Goonies,1985,7.8
Back to the Future,1985,8.5
Jackass 3D,2010,7.0
Frozen,2013,7.4
Ice Age,2002,7.5
La La Land,2016,8.0
Four Weddings and a Funeral,1994,7.1
Deadpool 2,2018,7.7
Cashback,2006,7.1
Jackass Number Two,2006,7.0
Fresh,2022,7.1
Charlie and the Chocolate Factory,2005,6.6
"I, Tonya",2017,7.5
Groundhog Day,1993,8.0
The Big Lebowski,1998,8.1
Shazam!,2019,7.0
Ron's Gone Wrong,2021,7.1
Soul,2020,8.1
Coco,2017,8.4
Love Actually,2003,7.6
Cars,2006,7.1
Snatch,2000,8.2
Mean Girls,2004,7.0
"Three Billboards Outside Ebbing, Missouri",2017,8.1
Guardians of the Galaxy Vol. 2,2017,7.6
Almost Famous,2000,7.9
Caddyshack,1980,7.3
Heathers,1988,7.2
Crazy Rich Asians,2018,6.9
10 Things I Hate About You,1999,7.3
Clueless,1995,6.9
Superbad,2007,7.6
Dazed and Confused,1993,7.6
Hook,1991,6.8
The Breakfast Club,1985,7.8
Zootopia,2016,8.0
The Truman Show,1998,8.1
Men in Black,1997,7.3
Happy Gilmore,1996,7.0
Midnight in Paris,2011,7.7
Yesterday,2019,6.8
21 Jump Street,2012,7.2
About Time,2013,7.8
Emma.,2020,6.7
La vita è bella,1997,8.6
Airplane!,1980,7.7
Ghostbusters,2016,6.9
Napoleon Dynamite,2004,6.9
Teenage Mutant Ninja Turtles,1990,6.8
Toy Story,1995,8.3
Silver Linings Playbook,2012,7.7
The Lost Boys,1987,7.3
Despicable Me 2,2013,7.3
Ferris Bueller's Day Off,1986,7.8
Jumanji: Welcome to the Jungle,2017,6.9
Office Space,1999,7.7
The Nice Guys,2016,7.4
Grease,1978,7.2
Aladdin,2019,6.9
Little Miss Sunshine,2006,7.8
Ghostbusters II,1989,6.6
War Dogs,2016,7.1
Booksmart,2019,7.2
The 40 Year Old Virgin,2005,7.1
Ready or Not,2019,6.9
Ratatouille,2007,8.0
Old School,2003,7.1
The Intouchables,2011,8.5
Ant-Man and the Wasp,2018,7.0
Dead Poets Society,1989,8.1
Friday,1995,7.3
My Girl,1991,6.9
Ant-Man,2015,7.3
Scott Pilgrim vs. the World,2010,7.5
The Sandlot,1993,7.8
Pretty Woman,1990,7.1
My Cousin Vinny,1992,7.6
Palm Springs,2020,7.4
Moonrise Kingdom,2012,7.8
Beetle Juice,1988,7.5
Forgetting Sarah Marshall,2008,7.1
The Rocky Horror Picture Show,1975,7.4
Dodgeball: A True Underdog Story,2004,6.7
We're the Millers,2013,7.0
Hotel Transylvania,2012,7.1
A League of Their Own,1992,7.3
Le fabuleux destin d'Amélie Poulain,2001,8.3
Secretary,2002,7.0
The Hitman's Bodyguard,2017,6.9
Lady Bird,2017,7.4
Inside Out,2015,8.1
The Lobster,2015,7.2
Idiocracy,2006,6.6
Kick-Ass,2010,7.6
Mister Roberts,1955,7.7
Up,2009,8.2
Home Alone,1990,7.6
Matilda,1996,6.9
Step Brothers,2008,6.9
The Ballad of Buster Scruggs,2018,7.3
The King of Staten Island,2020,7.1
Jumanji,1995,7.0
Tangled,2010,7.7
Birdman or (The Unexpected Virtue of Ignorance),2014,7.7
Horrible Bosses,2011,6.8
Enchanted,2007,7.0
Eddie the Eagle,2015,7.4
Bridesmaids,2011,6.8
Vice,2018,7.2
Sixteen Candles,1984,7.0
Hercules,1997,7.3
The Favourite,2018,7.5
The Man from U.N.C.L.E.,2015,7.3
Shrek,2001,7.9
Blazing Saddles,1974,7.7
(500) Days of Summer,2009,7.6
The Devil Wears Prada,2006,6.9
Men in Black 3,2012,6.8
Wayne's World,1992,7.0
Love & Other Drugs,2010,6.7
Fast Times at Ridgemont High,1982,7.2
The Duke,2020,6.7
Easy A,2010,7.0
The Royal Tenenbaums,2001,7.6
Lost in Translation,2003,7.7
"Lock, Stock and Two Smoking Barrels",1998,8.2
Notting Hill,1999,7.1
Robin Hood: Men in Tights,1993,6.7
Toy Story 4,2019,7.7
Love and Monsters,2020,7.0
EuroTrip,2004,6.6
Finding Nemo,2003,8.1
Frozen II,2019,6.8
BlacKkKlansman,2018,7.5
School of Rock,2003,7.1
Pump Up the Volume,1990,7.2
Hot Fuzz,2007,7.8
The Parent Trap,1998,6.6
Talladega Nights: The Ballad of Ricky Bobby,2006,6.6
Juno,2007,7.4
Fantastic Mr. Fox,2009,7.9
Shaun of the Dead,2004,7.9
What We Do in the Shadows,2014,7.7
This Is the End,2013,6.6
The Wedding Singer,1998,6.9
Meet the Parents,2000,7.0
Game Night,2018,6.9
Mulan,1998,7.7
Kung Fu Panda,2008,7.6
The Terminal,2004,7.4
Beverly Hills Cop,1984,7.3
Weird Science,1985,6.6
Punch-Drunk Love,2002,7.3
"Monsters, Inc.",2001,8.1
Captain Fantastic,2016,7.9
3 Idiots,2009,8.4
Liar Liar,1997,6.9
Mamma Mia! Here We Go Again,2018,6.6
Vivo,2021,6.7
Fighting with My Family,2019,7.1
Time Bandits,1981,7.0
Spaceballs,1987,7.1
Long Shot,2019,6.8
The Mask,1994,6.9
How to Train Your Dragon,2010,8.1
Mid90s,2018,7.4
Do the Right Thing,1989,8.0
Tropic Thunder,2008,7.0
Bad Boys,1995,6.9
Knocked Up,2007,6.9
Steel Magnolias,1989,7.3
Ted,2012,6.9
A Simple Favor,2018,6.8
As Good as It Gets,1997,7.7
Inherent Vice,2014,6.7
Back to the Outback,2021,6.6
"Love, Rosie",2014,7.2
Aladdin,1992,8.0
It's a Wonderful Life,1946,8.6
The Edge of Seventeen,2016,7.3
Hitch,2005,6.6
The Descendants,2011,7.3
Big Hero 6,2014,7.8
Dumb and Dumber,1994,7.3
Police Academy,1984,6.7
Hairspray,2007,6.7
Toy Story 3,2010,8.2
Logan Lucky,2017,7.0
Incredibles 2,2018,7.6
Onward,2020,7.4
Some Like It Hot,1959,8.2
Vicky Cristina Barcelona,2008,7.1
Zombieland,2009,7.6
The Graduate,1967,8.0
Wedding Crashers,2005,6.9
A Bug's Life,1998,7.2
There's Something About Mary,1998,7.1
Rush Hour,1998,7.0
Jerry Maguire,1996,7.3
I onde dager,2021,6.9
50 First Dates,2004,6.8
Mary Poppins,1964,7.8
Chicago,2002,7.2
The Addams Family,1991,6.9
Annie,1982,6.6
The Blues Brothers,1980,7.9
Anchorman: The Legend of Ron Burgundy,2004,7.2
Minnal Murali,2021,8.1
Dr. Strangelove or: How I Learned to Stop Worrying and Love the Bomb,1964,8.4
The Life Aquatic with Steve Zissou,2004,7.3
Focus,2015,6.6
Monty Python and the Holy Grail,1975,8.2
Project X,2012,6.7
Rango,2011,7.2
Hunt for the Wilderpeople,2016,7.9
The Mighty Ducks,1992,6.6
That Thing You Do!,1996,6.9
"O Brother, Where Art Thou?",2000,7.7
The Little Mermaid,1989,7.6
High Fidelity,2000,7.5
An American Werewolf in London,1981,7.5
Mank,2020,6.9
Shiva Baby,2020,7.2
The Heat,2013,6.6
Austin Powers: International Man of Mystery,1997,7.0
Galaxy Quest,1999,7.3
Big Trouble in Little China,1986,7.3
The Croods: A New Age,2020,7.0
The Mask of Zorro,1998,6.8
Young Frankenstein,1974,8.0
Coming to America,1988,7.1
When Harry Met Sally...,1989,7.6
The Peanut Butter Falcon,2019,7.6
Zombieland: Double Tap,2019,6.7
The Big Sick,2017,7.5
Good Boys,2019,6.7
The Holiday,2006,6.9
The Secret Life of Walter Mitty,2013,7.3
Brave,2012,7.1
Pretty in Pink,1986,6.8
Ich bin dein Mensch,2021,7.1
Spy,2015,7.0
American Graffiti,1973,7.4
Cocoon,1985,6.7
Chef,2014,7.3
True Lies,1994,7.2
National Lampoon's Vacation,1983,7.4
RED,2010,7.0
"Oh, God!",1977,6.6
"I Love You, Man",2009,7.0
In Bruges,2008,7.9
Chandigarh Kare Aashiqui,2021,6.9
Atrangi Re,2021,6.6
Bridget Jones's Diary,2001,6.7
Ace Ventura: Pet Detective,1994,6.9
Breakfast at Tiffany's,1961,7.6
Isle of Dogs,2018,7.8
Who Framed Roger Rabbit,1988,7.7
The Hitchhiker's Guide to the Galaxy,2005,6.7
Stripes,1981,6.9
Holes,2003,7.0
Madagascar,2005,6.9
Smokey and the Bandit,1977,7.0
Moonstruck,1987,7.1
22 Jump Street,2014,7.0
Fear and Loathing in Las Vegas,1998,7.6
Gremlins,1984,7.3
Little Shop of Horrors,1986,7.1
American Reunion,2012,6.7
Toy Story 2,1999,7.9
Tarzan,1999,7.3
Big Time Adolescence,2019,7.0
The Disaster Artist,2017,7.3
Super Troopers,2001,7.1
Paddington,2014,7.3
Wreck-It Ralph,2012,7.7
Burnt,2015,6.6
Waiting...,2005,6.7
The F Word,2013,6.8
Terms of Endearment,1983,7.4
Crocodile Dundee,1986,6.6
Youth,2015,7.3
Shrek 2,2004,7.2
Trading Places,1983,7.5
Ice Age: Dawn of the Dinosaurs,2009,6.9
Small Engine Repair,2021,6.6
2 Guns,2013,6.7
Empire Records,1995,6.7
The Intern,2015,7.1
Death at a Funeral,2007,7.4
Say Anything...,1989,7.3
Only Lovers Left Alive,2013,7.3
Paul,2011,7.0
The Naked Gun: From the Files of Police Squad!,1988,7.6
Mary Poppins Returns,2018,6.7
Dumplin',2018,6.6
The Lego Movie,2014,7.7
Wild at Heart,1990,7.2
Overboard,1987,6.9
Risky Business,1983,6.8
Romancing the Stone,1984,6.9
Chung Hing sam lam,1994,8.1
Lilo & Stitch,2002,7.3
Austin Powers: The Spy Who Shagged Me,1999,6.6
Singin' in the Rain,1952,8.3
Sleepless in Seattle,1993,6.8
M*A*S*H,1970,7.4
Ralph Breaks the Internet,2018,7.0
Summer School,1987,6.6
Planet Terror,2007,7.0
A Series of Unfortunate Events,2004,6.8
Mrs. Doubtfire,1993,7.0
Roxanne,1987,6.6
Adventures in Babysitting,1987,6.9
Silver Streak,1976,6.9
Hocus Pocus,1993,6.9
The Way Way Back,2013,7.4
Tonari no Totoro,1988,8.2
Happiest Season,2020,6.6
Megamind,2010,7.3
Bruce Almighty,2003,6.8
Much Ado About Nothing,1993,7.3
The Emperor's New Groove,2000,7.4
Pineapple Express,2008,6.9
American Made,2017,7.2
Big,1988,7.3
The Replacements,2000,6.6
The Darjeeling Limited,2007,7.2
Rushmore,1998,7.7
Back to the Future Part II,1989,7.8
The Lego Batman Movie,2017,7.3
The Wedding Ringer,2015,6.6
The Sting,1973,8.3
You've Got Mail,1998,6.7
Kingpin,1996,6.9
Inside Llewyn Davis,2013,7.5
Three Kings,1999,7.1
Major League,1989,7.2
But I'm a Cheerleader,1999,6.7
Smokin' Aces,2006,6.7
Waitress,2007,7.0
Gosford Park,2001,7.2
RED 2,2013,6.6
The Imaginarium of Doctor Parnassus,2009,6.8
Ice Age: The Meltdown,2006,6.8
Rio,2011,6.9
The Map of Tiny Perfect Things,2021,6.8
Cars 3,2017,6.7
Warm Bodies,2013,6.8
The Death of Stalin,2017,7.3
"Love, Simon",2018,7.6
Marley & Me,2008,7.1
Slap Shot,1977,7.3
Death Becomes Her,1992,6.6
Hotel Transylvania 2,2015,6.7
Four Rooms,1995,6.8
Uncle Buck,1989,7.1
Monsters University,2013,7.2
Drop Dead Gorgeous,1999,6.6
Sorry to Bother You,2018,6.9
The Jungle Book,1967,7.6
The World's End,2013,7.0
Sideways,2004,7.5
EverAfter,1998,7.1
Dogma,1999,7.3
Finding Dory,2016,7.3
The Birdcage,1996,7.2
My Big Fat Greek Wedding,2002,6.6
"Me, Myself & Irene",2000,6.6
The Best Exotic Marigold Hotel,2011,7.3
Pokémon: Detective Pikachu,2019,6.6
Under the Tuscan Sun,2003,6.8
Bill & Ted's Excellent Adventure,1989,7.0
Borat Subsequent Moviefilm: Delivery of Prodigious Bribe to American Regime for Make Benefit Once Glorious Nation of Kazakhstan,2020,6.6
Charade,1963,7.9
Over the Hedge,2006,6.7
Being John Malkovich,1999,7.7
Burn After Reading,2008,7.0
Seven Psychopaths,2012,7.2
Borat: Cultural Learnings of America for Make Benefit Glorious Nation of Kazakhstan,2006,7.3
Paddington 2,2017,7.8
Bad Trip,2021,6.6
Grandma's Boy,2006,7.0
Super,2010,6.7
How to Train Your Dragon: The Hidden World,2019,7.5
Out of Sight,1998,7.0
It's Complicated,2009,6.6
Swiss Army Man,2016,7.0
Up in the Air,2009,7.4
Yes Man,2008,6.8
The Final Girls,2015,6.6
The Dressmaker,2015,7.1
Around the World in 80 Days,1956,6.8
Rise of the Guardians,2012,7.3
Best in Show,2000,7.5
Role Models,2008,6.8
The Apartment,1960,8.3
I Don't Feel at Home in This World Anymore,2017,6.9
The Frighteners,1996,7.1
Begin Again,2013,7.4
Raising Arizona,1987,7.3
Elf,2003,7.0
Can't Buy Me Love,1987,6.8
Shakespeare in Love,1998,7.1
Relatos salvajes,2014,8.1
National Lampoon's Christmas Vacation,1989,7.6
Meow,2021,7.3
Tangerine,2015,7.1
Evil Dead II,1987,7.7
The Book of Life,2014,7.3
About a Boy,2002,7.1
Do lok tin si,1995,7.7
Blue Jasmine,2013,7.3
The Farewell,2019,7.6
Instant Family,2018,7.3
Army of Darkness,1992,7.5
The Long Goodbye,1973,7.6
Walk Hard: The Dewey Cox Story,2007,6.8
To All the Boys I've Loved Before,2018,7.1
Addams Family Values,1993,6.8
St. Vincent,2014,7.2
Muriel's Wedding,1994,7.2
Before We Go,2014,6.8
Bro Daddy,2022,7.2
Bad Boys II,2003,6.6
20th Century Women,2016,7.3
Going in Style,2017,6.6
Paterson,2016,7.4
En man som heter Ove,2015,7.7
Happy Death Day,2017,6.6
Maverick,1994,7.0
Chaplin,1992,7.5
"Definitely, Maybe",2008,7.1
Stepmom,1998,6.8
August: Osage County,2013,7.2
Pleasantville,1998,7.5
The Croods,2013,7.2
Something's Gotta Give,2003,6.7
While You Were Sleeping,1995,6.7
Wish Dragon,2021,7.2
Adaptation.,2002,7.7
Cloudy with a Chance of Meatballs,2009,6.9
Annie Hall,1977,8.0
Bolt,2008,6.8
Black Bear,2020,6.6
Back to the Future Part III,1990,7.4
The Upside,2017,7.0
"Good Morning, Vietnam",1987,7.3
Cemetery Junction,2010,6.8
Swingers,1996,7.2
Volver,2006,7.6
The Fundamentals of Caring,2016,7.3
Home Alone 2: Lost in New York,1992,6.8
Short Circuit,1986,6.7
"To Wong Foo Thanks for Everything, Julie Newmar",1995,6.6
Blast from the Past,1998,6.6
Átame!,1989,7.0
Demolition,2015,7.0
Kiss Kiss Bang Bang,2005,7.5
Working Girl,1988,6.8
Ferdinand,2017,6.8
The Iron Giant,1999,8.0
Top Secret!,1984,7.2
"Sexo, pudor y lágrimas",1999,6.6
Homeward Bound: The Incredible Journey,1993,7.0
P.S. I Love You,2007,7.0
White Men Can't Jump,1992,6.8
Robin Hood,1973,7.6
Tully,2018,7.0
The AristoCats,1970,7.1
Gummo,1997,6.7
Sing Street,2016,7.9
Wet Hot American Summer,2001,6.6
Garden State,2004,7.4
The Art of Racing in the Rain,2019,7.6
Harold & Kumar Go to White Castle,2004,7.0
My Little Pony: A New Generation,2021,6.9
Home,2015,6.6
How to Train Your Dragon 2,2014,7.8
Bad Words,2013,6.7
Revenge of the Nerds,1984,6.6
Adventureland,2009,6.8
Klaus,2019,8.2
Rush Hour 2,2001,6.6
48 Hrs.,1982,6.9
"Planes, Trains & Automobiles",1987,7.6
Chicken Run,2000,7.0
Bottle Rocket,1996,7.0
Buffalo '66,1998,7.5
Always Be My Maybe,2019,6.8
The King of Comedy,1982,7.8
To Die For,1995,6.8
Parenthood,1989,7.0
The Last Boy Scout,1991,7.0
After Hours,1985,7.7
Flight of the Navigator,1986,6.9
Tootsie,1982,7.4
Beautiful Girls,1996,7.1
Kung fu,2004,7.8
Clerks,1994,7.7
A Good Year,2006,7.0
A Goofy Movie,1995,6.9
Eighth Grade,2018,7.4
The Return of the Living Dead,1985,7.3
Thank You for Smoking,2005,7.6
Pinocchio,1940,7.4
Half Baked,1998,6.7
One Hundred and One Dalmatians,1961,7.3
Get Shorty,1995,6.9
Kung Fu Panda 3,2016,7.1
Gake no ue no Ponyo,2008,7.7
The Big Chill,1983,7.2
Grumpy Old Men,1993,7.0
Go,1999,7.2
Seeking a Friend for the End of the World,2012,6.7
A Serious Man,2009,7.1
Ghost World,2001,7.3
The Square,2017,7.2
The Artist,2011,7.9
Kung Fu Panda 2,2011,7.2
Wonder Boys,2000,7.3
The Spectacular Now,2013,7.1
The Good Dinosaur,2015,6.7
Serendipity,2001,6.9
Wag the Dog,1997,7.1
Kelly's Heroes,1970,7.6
Life,1999,6.8
"South Park: Bigger, Longer & Uncut",1999,7.7
Braindead,1992,7.5
Ed Wood,1994,7.8
La dolce vita,1960,8.0
Singles,1992,6.8
Fatherhood,2021,6.6
Goon,2011,6.8
Bend It Like Beckham,2002,6.6
Paper Moon,1973,8.1
The Witches,1990,6.9
The Rundown,2003,6.7
Nanny McPhee,2005,6.6
Roman Holiday,1953,8.0
A Fish Called Wanda,1988,7.5
Andhadhun,2018,8.2
Secondhand Lions,2003,7.5
We Bought a Zoo,2011,7.1
Meet the Robinsons,2007,6.8
Don't Be a Menace to South Central While Drinking Your Juice in the Hood,1996,6.6
Filth,2013,7.1
"The Adventures of Priscilla, Queen of the Desert",1994,7.5
Hot Shots!,1991,6.8
Entourage,2015,6.6
The Full Monty,1997,7.2
Brother Bear,2003,6.9
The Lego Movie 2: The Second Part,2019,6.6
Moxie,2021,6.7
Babe,1995,6.8
Un monstre à Paris,2011,6.7
The Guard,2011,7.3
Bernie,2011,6.8
Foul Play,1978,6.8
The Bucket List,2007,7.4
Tommy Boy,1995,7.1
The Diary of a Teenage Girl,2015,6.8
Clerks II,2006,7.3
The Road to El Dorado,2000,6.9
The Two Popes,2019,7.6
Flipped,2010,7.7
The Parent Trap,1961,7.2
"Don't Worry, He Won't Get Far on Foot",2018,6.9
Madagascar 3: Europe's Most Wanted,2012,6.8
Tucker and Dale vs Evil,2010,7.5
Dream Horse,2020,6.9
A Christmas Story,1983,7.9
Frances Ha,2012,7.5
Imagine Me & You,2005,6.8
Hairspray,1988,7.0
Horton Hears a Who!,2008,6.8
Finding Your Feet,2017,6.8
Madagascar: Escape 2 Africa,2008,6.6
Fisherman's Friends,2019,7.0
Barton Fink,1991,7.7
Spun,2002,6.8
The Witches of Eastwick,1987,6.6
The Commitments,1991,7.6
Surf's Up,2007,6.7
Saving Mr. Banks,2013,7.5
Enough Said,2013,7.0
Spies in Disguise,2019,6.8
Lars and the Real Girl,2007,7.3
Beaches,1988,7.0
Stuck in Love,2012,7.2
Gangs of Wasseypur,2012,8.2
Team America: World Police,2004,7.2
Tenacious D in The Pick of Destiny,2006,6.8
Safety Not Guaranteed,2012,7.0
The Player,1992,7.5
The Hundred-Foot Journey,2014,7.3
Heavyweights,1995,6.7
Now and Then,1995,6.8
Shoot 'Em Up,2007,6.6
The Grand Seduction,2013,7.0
Innerspace,1987,6.8
Hedwig and the Angry Inch,2001,7.7
Dolemite Is My Name,2019,7.3
Grosse Pointe Blank,1997,7.3
The Half of It,2020,6.9
Everybody Wants Some!!,2016,6.9
The Whole Nine Yards,2000,6.7
Monster House,2006,6.6
Me and Earl and the Dying Girl,2015,7.7
The Family Man,2000,6.8
The 'Burbs,1989,6.9
The Music Man,1962,7.7
I Love You Phillip Morris,2009,6.6
Christopher Robin,2018,7.3
The Italian Job,1969,7.3
Popstar: Never Stop Never Stopping,2016,6.7
The Rules of Attraction,2002,6.6
Sneakers,1992,7.1
The Fisher King,1991,7.5
The Naked Gun 2½: The Smell of Fear,1991,6.9
The SpongeBob SquarePants Movie,2004,7.1
Emma,1996,6.7
The Time Traveler's Wife,2009,7.1
Mallrats,1995,7.1
Lady and the Tramp,1955,7.3
PK,2014,8.1
Peter Rabbit,2018,6.6
50/50,2011,7.6
Jay and Silent Bob Strike Back,2001,6.8
Delicatessen,1991,7.6
Patch Adams,1998,6.8
Dirty Rotten Scoundrels,1988,7.4
Mansfield Park,1999,7.1
Kraftidioten,2014,7.2
Dan in Real Life,2007,6.7
Stranger Than Fiction,2006,7.5
Nebraska,2013,7.7
Ladyhawke,1985,7.0
Uncle Frank,2020,7.3
Ingrid Goes West,2017,6.6
Hot Shots! Part Deux,1993,6.6
Strike!,1998,6.7
The Boat That Rocked,2009,7.4
Mixtape,2021,6.7
Stir Crazy,1980,6.8
Flushed Away,2006,6.6
A Dog's Purpose,2017,7.2
Last Vegas,2013,6.6
The Simpsons Movie,2007,7.3
Battle of the Sexes,2017,6.7
What About Bob?,1991,7.0
Election,1999,7.2
The Polar Express,2004,6.6
Philomena,2013,7.6
Matchstick Men,2003,7.3
All Dogs Go to Heaven,1989,6.8
The American President,1995,6.8
Penguins of Madagascar,2014,6.7
Storks,2016,6.8
Mimi,2021,8.0
History of the World: Part I,1981,6.9
The Station Agent,2003,7.6
Chasing Amy,1997,7.2
Midnight Run,1988,7.5
Carnage,2011,7.2
Hot Rod,2007,6.7
Charlie Wilson's War,2007,7.0
Fletch,1985,6.9
Private Parts,1997,6.9
Re-Animator,1985,7.2
Society,1989,6.6
The First Time,2012,6.8
Dope,2015,7.2
Kurenai no buta,1992,7.7
Two for the Road,1967,7.4
Neko no ongaeshi,2002,7.2
French Kiss,1995,6.6
Oliver & Company,1988,6.7
Ghost Town,2008,6.7
Wild Rose,2018,7.2
Bull Durham,1988,7.1
Scrooged,1988,7.0
Here Today,2021,6.7
Pride,2014,7.8
Pee-wee's Big Adventure,1985,7.0
The Professor,2018,6.7
Little Big Man,1970,7.6
The Inbetweeners Movie,2011,6.7
Ruby Sparks,2012,7.2
Bloody Hell,2020,6.6
Café Society,2016,6.6
The Old Man & the Gun,2018,6.7
Man on the Moon,1999,7.4
Star Trek IV: The Voyage Home,1986,7.3
The Squid and the Whale,2005,7.3
The Kid Detective,2020,7.0
My Dog Skip,2000,7.0
Breakfast on Pluto,2005,7.2
Funny Girl,1968,7.4
Frank,2014,7.0
Good Bye Lenin!,2003,7.7
Confessions of a Dangerous Mind,2002,7.0
Four Lions,2010,7.3
Arizona Dream,1993,7.3
Man Up,2015,6.8
Broadcast News,1987,7.2
Crooklyn,1994,7.0
Ala Vaikunthapurramuloo,2020,7.4
The Adventures of Baron Munchausen,1988,7.2
Broken Flowers,2005,7.2
Trick 'r Treat,2007,6.8
Reality Bites,1994,6.6
Back to School,1986,6.7
8-Bit Christmas,2021,6.7
Aline,2020,6.6
Astérix & Obélix: Mission Cléopâtre,2002,6.7
L'incredibile storia dell'Isola delle Rose,2020,7.0
Angus,1995,6.7
Troop Zero,2019,6.9
Detroit Rock City,1999,6.9
Short Cuts,1993,7.7
Breaking Away,1979,7.7
Up in Smoke,1978,6.9
Bicentennial Man,1999,6.9
Diary of a Wimpy Kid: Rodrick Rules,2011,6.6
The Producers,1967,7.6
The Muppets,2011,7.1
SLC Punk!,1998,7.4
Submarine,2010,7.3
The Kids Are All Right,2010,7.0
Puss in Boots,2011,6.6
Florence Foster Jenkins,2016,6.8
Blindspotting,2018,7.4
The War of the Roses,1989,6.8
Nobody's Fool,1994,7.4
Shanghai Noon,2000,6.6
Hausu,1977,7.4
Abominable,2019,7.0
Black Dynamite,2009,7.4
The Best Man,1999,6.8
"Men, Women & Children",2014,6.7
Creepshow,1982,6.9
Mr. Peabody & Sherman,2014,6.8
Bad Santa,2003,7.0
Beginners,2010,7.2
Forever My Girl,2018,6.7
Badhaai ho,2018,8.0
Bottle Shock,2008,6.8
"Paris, je t'aime",2006,7.2
City Lights,1931,8.5
"Juliet, Naked",2018,6.6
This Must Be the Place,2011,6.7
Turist,2014,7.3
Starter for 10,2006,6.7
Brigsby Bear,2017,7.3
The Kings of Summer,2013,7.1
Six Degrees of Separation,1993,6.8
Words and Pictures,2013,6.6
Secrets & Lies,1996,8.0
The Magic of Belle Isle,2012,7.0
Return to Me,2000,6.9
The Peanuts Movie,2015,7.1
Please Stand By,2017,6.7
The Mirror Has Two Faces,1996,6.6
Something Wild,1986,6.9
Mr. Church,2016,7.7
Arthur,1981,6.9
The Curse of the Were-Rabbit,2005,7.4
Attack the Block,2011,6.7
The Bad News Bears,1976,7.3
Ocean's Eleven,1960,6.6
Scoop,2006,6.6
"See No Evil, Hear No Evil",1989,6.9
A Hard Day's Night,1964,7.6
Can You Ever Forgive Me?,2018,7.1
Lucas,1986,6.9
Stan & Ollie,2018,7.2
Fanboys,2009,6.6
Bugsy Malone,1976,6.9
Hope and Glory,1987,7.3
Nick and Norah's Infinite Playlist,2008,6.6
Analyze This,1999,6.7
The Phantom of the Open,2021,8.4
The Sword in the Stone,1963,7.2
Pete's Dragon,2016,6.7
Il Decameron,1971,7.1
A Dog's Journey,2019,7.5
Burn Your Maps,2016,6.7
Whatever Works,2009,7.1
Where the Heart Is,2000,6.8
Anomalisa,2015,7.3
Mr. Smith Goes to Washington,1939,8.1
Catch-22,1970,7.1
Miss Pettigrew Lives for a Day,2008,7.1
May,2002,6.6
About Schmidt,2002,7.1
La ley del deseo,1987,7.1
Heaven Can Wait,1978,6.9
Zombivli,2022,8.7
Little Voice,1998,7.0
Billy Elliot: The Musical Live,2014,8.4
Penelope,2006,6.7
Away We Go,2009,7.0
Ging chaat goo si,1985,7.6
Thoroughbreds,2017,6.7
Song of the South,1946,7.1
Kokuriko-zaka kara,2011,7.4
Dave,1993,6.8
Shithouse,2020,6.8
The One and Only Ivan,2020,6.6
Strictly Ballroom,1992,7.2
Smallfoot,2018,6.6
The Art of Self-Defense,2019,6.6
Mermaids,1990,6.7
Just Like Heaven,2005,6.7
Mighty Aphrodite,1995,7.0
Meng long guo jiang,1972,7.3
Ten Inch Hero,2007,7.4
The Second Best Exotic Marigold Hotel,2015,6.6
Siu Lam juk kau,2001,7.3
"Mystery, Alaska",1999,6.7
Ballerina,2016,6.8
It's Kind of a Funny Story,2010,7.1
Welcome to the Dollhouse,1995,7.4
Guys and Dolls,1955,7.2
Taxi,1998,7.0
A Mighty Wind,2003,7.2
Saved!,2004,6.7
Their Finest,2016,6.8
Grumpier Old Men,1995,6.7
Something New,2006,6.7
Benny & Joon,1993,7.2
Brittany Runs a Marathon,2019,6.8
Night of the Creeps,1986,6.8
Sinbad: Legend of the Seven Seas,2003,6.7
Last Flag Flying,2017,6.9
Ruthless People,1986,6.9
Kinky Boots,2005,7.1
24 Hour Party People,2002,7.3
Trollhunters: Rise of the Titans,2021,6.8
ParaNorman,2012,7.0
Hysteria,2011,6.7
Human Traffic,1999,7.1
Zui quan,1978,7.5
Mistress America,2015,6.7
Wristcutters: A Love Story,2006,7.3
Harold & Kumar Escape from Guantanamo Bay,2008,6.6
*batteries not included,1987,6.7
Night on Earth,1991,7.7
The Hudsucker Proxy,1994,7.2
A Lot Like Love,2005,6.6
The Savages,2007,7.1
The Sessions,2012,7.2
Zindagi Na Milegi Dobara,2011,8.2
The Sparks Brothers,2021,7.9
Serial Mom,1994,6.8
Buffalo Soldiers,2001,6.8
Adams æbler,2005,7.8
I Heart Huckabees,2004,6.6
Used Cars,1980,6.8
Blinded by the Light,2019,6.9
Velle,2021,6.8
Coffee and Cigarettes,2003,7.1
Ngo si seoi,1998,6.9
My Bodyguard,1980,7.1
Grandma,2015,6.7
Kal Ho Naa Ho,2003,7.9
The Muppet Movie,1979,7.6
A Christmas Carol,2009,6.8
Ludo,2020,7.6
How to Steal a Million,1966,7.6
Emergency,2022,7.5
Paint Your Wagon,1969,6.6
Victor Victoria,1982,7.6
Whiskey Tango Foxtrot,2016,6.6
Toni Erdmann,2016,7.4
Frankenweenie,2012,6.9
L.A. Story,1991,6.7
Mystery Team,2009,6.7
What We Did on Our Holiday,2014,6.9
Calendar Girls,2003,6.9
Dellamorte Dellamore,1994,7.1
Hung fan kui,1995,6.8
Soul Food,1997,7.0
Irrational Man,2015,6.6
La nuit américaine,1973,8.0
Kumbalangi Nights,2019,8.6
World's Greatest Dad,2009,6.9
To Have and Have Not,1944,7.8
Private Life,2018,7.2
Take This Waltz,2011,6.6
The Giant Mechanical Man,2012,6.7
The One I Love,2014,7.1
C'est arrivé près de chez vous,1992,7.5
The Sapphires,2012,7.1
A Shot in the Dark,1964,7.5
SubUrbia,1996,6.8
Kuai can che,1984,7.2
Bubba Ho-Tep,2002,7.0
La grande bouffe,1973,7.2
The Curse of the Jade Scorpion,2001,6.7
Sunshine Cleaning,2008,6.8
"Faster, Pussycat! Kill! Kill!",1965,6.7
High Anxiety,1977,6.7
Red Dog,2011,7.4
Citizen Ruth,1996,7.0
PCU,1994,6.6
Nothing to Lose,1997,6.7
The Many Adventures of Winnie the Pooh,1977,7.6
This Beautiful Fantastic,2016,7.0
Quartet,2012,6.8
Beavis and Butt-Head Do America,1996,6.8
Mucize,2015,7.6
Igby Goes Down,2002,6.9
El infierno,2010,7.7
Trois couleurs: Blanc,1994,7.6
Samâ uôzu,2009,7.5
Salmon Fishing in the Yemen,2011,6.8
Everyone Says I Love You,1996,6.7
Les choristes,2004,7.9
Don Juan DeMarco,1994,6.7
The Great Indian Kitchen,2021,8.3
The Christmas Chronicles,2018,7.0
Jui kuen II,1994,7.6
The Importance of Being Earnest,2002,6.8
11:14,2003,7.2
Hera Pheri,2000,8.2
Waking Ned,1998,7.4
Funny Face,1957,7.0
Interstate 60: Episodes of the Road,2002,7.7
The Abominable Dr. Phibes,1971,7.1
Idioterne,1998,6.8
Teen Titans Go! To the Movies,2018,6.8
Doctor,2021,7.6
Waiting for Guffman,1996,7.5
Missing Link,2019,6.7
No se aceptan devoluciones,2013,7.5
The Pirates! In an Adventure with Scientists!,2012,6.7
Il postino,1994,7.7
Hector and the Search for Happiness,2014,7.0
Easy Virtue,2008,6.7
Sanju,2018,7.7
The Young and Prodigious T.S. Spivet,2013,7.1
Xi you: Xiang mo pian,2013,6.8
Smoke Signals,1998,7.2
Micmacs à tire-larigot,2009,7.2
Meenakshi Sundareshwar,2021,7.2
Liberal Arts,2012,6.7
Crumb,1994,8.0
Super Deluxe,2019,8.4
Deconstructing Harry,1997,7.4
Frankie and Johnny,1991,6.7
"Crna macka, beli macor",1998,8.1
"Hello, My Name Is Doris",2015,6.6
La Belle Époque,2019,7.4
Joheunnom nabbeunnom isanghannom,2008,7.3
Kapoor & Sons,2016,7.7
With Honors,1994,6.7
Love in the Afternoon,1957,7.2
Gigi,1958,6.7
The Castle,1997,7.7
Simon Birch,1998,6.9
The Brothers Bloom,2008,6.8
Rang De Basanti,2006,8.1
El robo del siglo,2020,7.2
People Places Things,2015,6.8
Dil Bechara,2020,8.1
Brown Sugar,2002,6.6
Flirting with Disaster,1996,6.7
Hopscotch,1980,7.2
Little Manhattan,2005,7.5
Wild Target,2010,6.8
The Lady in the Van,2015,6.7
Toki o kakeru shôjo,2006,7.7
Heart and Souls,1993,7.0
Slacker,1990,7.1
Stakeout,1987,6.6
In a World...,2013,6.7
Tamasha,2015,7.3
The Man Who Knew Too Little,1997,6.6
Tôkyô goddofâzâzu,2003,7.8
Jab We Met,2007,7.9
Pagglait,2021,6.9
Two Hands,1999,7.1
Secret Admirer,1985,6.6
Wish I Was Here,2014,6.6
Charlie Bartlett,2007,7.0
Jeux d'enfants,2003,7.6
Kadaisi Vivasayi,2021,9.0
Much Ado About Nothing,2012,7.1
The Goodbye Girl,1977,7.4
DJ Tillu,2022,7.9
Pillow Talk,1959,7.4
Chhichhore,2019,8.3
If Only,2004,7.1
Smoke,1995,7.4
Happy-Go-Lucky,2008,7.0
The Jane Austen Book Club,2007,6.8
People Just Do Nothing: Big in Japan,2021,7.0
The Skeleton Twins,2014,6.8
8 femmes,2002,7.1
Obvious Child,2014,6.8
Playing by Heart,1998,7.0
The Madness of King George,1994,7.2
Exit Through the Gift Shop,2010,8.0
Shaun the Sheep Movie,2015,7.3
Tacones lejanos,1991,7.1
Ladies in Black,2018,6.8
Prizzi's Honor,1985,6.7
Les triplettes de Belleville,2003,7.8
The Last Days of Disco,1998,6.7
She's Gotta Have It,1986,6.8
"Corrina, Corrina",1994,6.6
All of Me,1984,6.7
Il mercenario,1968,7.2
The Mighty,1998,7.3
Saving Grace,2000,6.9
Bedazzled,1967,6.9
The Prime of Miss Jean Brodie,1969,7.6
Meet the Feebles,1989,6.6
The Odd Life of Timothy Green,2012,6.6
Saving Face,2004,7.4
The Trouble with Harry,1955,7.1
Drive,1997,6.7
De grønne slagtere,2003,7.3
Padman,2018,7.9
Kuch Kuch Hota Hai,1998,7.6
The Party,2017,6.6
Honsla Rakh,2021,8.0
Randu,2022,7.2
Damn Yankees,1958,7.1
The Door in the Floor,2004,6.7
A Perfect Day,2015,6.8
Ma vie de Courgette,2016,7.8
Freak Show,2017,6.6
The Wackness,2008,7.0
Bhoot Police,2021,7.1
Mrs. Henderson Presents,2005,7.0
Død snø 2,2014,6.9
The Hollars,2016,6.6
Lung hing foo dai,1986,7.0
Hundraåringen som klev ut genom fönstret och försvann,2013,7.1
The Boxtrolls,2014,6.8
The Gods Must Be Crazy II,1989,6.9
Paper Man,2009,6.6
People Like Us,2012,7.1
G.O.R.A.,2004,8.1
Celeste & Jesse Forever,2012,6.6
Topsy-Turvy,1999,7.4
Quick Change,1990,6.8
Heisei tanuki gassen ponpoko,1994,7.3
Queen,2013,8.2
Find Me Guilty,2006,7.0
God Bless America,2011,7.2
Living in Oblivion,1995,7.5
Matinee,1993,6.9
American Splendor,2003,7.4
Bullets Over Broadway,1994,7.4
Thursday,1998,7.2
Middle Men,2009,6.8
Alfie,1966,7.0
Les visiteurs,1993,7.1
Transamerica,2005,7.4
Manhattan Murder Mystery,1993,7.3
The Upside of Anger,2005,6.8
Beautiful Thing,1996,7.6
I'll See You in My Dreams,2015,6.7
5 to 7,2014,7.1
Son of Rambow,2007,7.0
L'auberge espagnole,2002,7.3
Bamboozled,2000,6.6
Bulworth,1998,6.8
Poolhall Junkies,2002,6.9
God's Little Acre,1958,6.6
Jigarthanda,2014,8.3
Kadaseela Biriyani,2021,7.6
Sleeper,1973,7.2
Everything Is Illuminated,2005,7.4
That Darn Cat!,1965,6.8
Loco por ella,2021,6.6
Three O'Clock High,1987,7.1
Fei ying gai wak,1991,7.3
The Climb,2019,6.7
The Purple Rose of Cairo,1985,7.7
Hindi Medium,2017,7.9
Barfi!,2012,8.1
Made in Dagenham,2010,7.2
Our Ladies,2019,6.7
Miss You Already,2015,6.8
Agent Sai Srinivasa Athreya,2019,8.4
Om Shanti Om,2007,6.7
Peter's Friends,1992,7.0
10 Items or Less,2006,6.6
Primary Colors,1998,6.7
No Man's Land,2001,7.9
The Wood,1999,7.0
Barefoot,2014,6.6
Brassed Off,1996,7.2
Adam,2009,7.2
Silent Movie,1976,6.7
Truly Madly Deeply,1990,7.3
Latter Days,2003,7.0
Female Trouble,1974,7.2
Run Fatboy Run,2007,6.6
Dil Chahta Hai,2001,8.1
Sublet,2020,6.9
Danny Collins,2015,7.0
The Daytrippers,1996,7.0
The Leisure Seeker,2017,6.7
The Nutty Professor,1963,6.7
The Private Life of Sherlock Holmes,1970,7.1
Dev.D,2009,8.0
Zatôichi,2003,7.5
Bareilly Ki Barfi,2017,7.5
C.R.A.Z.Y.,2005,7.9
Radio Days,1987,7.5
Dogfight,1991,7.4
Barney's Version,2010,7.3
Ging chaat goo si III: Chiu kup ging chaat,1992,6.9
Le dîner de cons,1998,7.7
La science des rêves,2006,7.3
Wasabi,2001,6.7
Ging chaat goo si 4: Gaan dan yam mo,1996,6.6
Bright Young Things,2003,6.6
Defendor,2009,6.8
Arthur Christmas,2011,7.1
Super Sharanya,2022,6.9
Keeping Mum,2005,6.8
El día de la bestia,1995,7.4
Kicking and Screaming,1995,6.8
The Hospital,1971,7.2
Georgy Girl,1966,6.9
Eagle vs Shark,2007,6.8
Your Sister's Sister,2011,6.7
Badava Rascal,2021,8.4
Thinkalazhcha Nishchayam,2021,7.8
Cheong-nyeon-gyeong-chal,2017,7.3
Ssa-i-bo-geu-ji-man-gwen-chan-a,2006,7.1
The Silent Partner,1978,7.4
Suicide Kings,1997,6.9
Another Year,2010,7.4
Jean de Florette,1986,8.0
Bajrangi Bhaijaan,2015,8.0
The Best Man Holiday,2013,6.7
Dead Men Don't Wear Plaid,1982,6.9
Clockwise,1986,6.6
Junebug,2005,6.9
Hors de prix,2006,7.0
An Ideal Husband,1999,6.8
Gridlock'd,1997,6.9
Thoroughly Modern Millie,1967,6.9
Taking Woodstock,2009,6.7
Fido,2006,6.7
Home for the Holidays,1995,6.6
Slums of Beverly Hills,1998,6.6
Dil Dhadakne Do,2015,6.9
Wadjda,2012,7.5
Pieces of April,2003,7.0
Sholay,1975,8.2
Angel-A,2005,7.1
A Prairie Home Companion,2006,6.7
Trees Lounge,1996,7.1
Kind Hearts and Coronets,1949,8.0
Baisers volés,1968,7.6
Benjamin,2018,6.7
The Great Muppet Caper,1981,7.2
The Paper,1994,6.7
Ramprasad Ki Tehrvi,2019,7.5
Alan Partridge: Alpha Papa,2013,6.9
Sweet & Sour,2021,6.7
Rab Ne Bana Di Jodi,2008,7.2
Sunshine on Leith,2013,6.6
Bijitâ Q,2001,6.6
Belle Epoque,1992,7.1
The Perfect Host,2010,6.8
It's All Gone Pete Tong,2004,7.3
The Forty-Year-Old Version,2020,7.2
Educating Rita,1983,7.2
City Island,2009,7.4
Marcel the Shell with Shoes On,2021,8.2
Behind the Mask: The Rise of Leslie Vernon,2006,6.7
Robot & Frank,2012,7.1
Bodied,2017,7.1
The Matador,2005,6.7
Monsoon Wedding,2001,7.4
'A' gai wak,1983,7.4
Heavy Traffic,1973,6.6
Gekijouban Bishoujo Senshi Sailor Moon Eternal,2021,7.1
Mediterraneo,1991,7.5
Win Win,2011,7.1
Life Is Sweet,1990,7.5
In the Soup,1992,7.2
Andaz Apna Apna,1994,8.1
Bala,2019,7.3
The History Boys,2006,6.8
Real Women Have Curves,2002,6.9
Sonatine,1993,7.5
The Ref,1994,6.9
The Man Who Invented Christmas,2017,7.0
Delhi Belly,2011,7.6
Small Time Crooks,2000,6.7
The Chumscrubber,2005,6.9
Heaven Can Wait,1943,7.4
Main Hoon Na,2004,7.0
La flor de mi secreto,1995,7.0
Une nouvelle amie,2014,6.6
Rudderless,2014,7.5
Stree,2018,7.6
Hasee Toh Phasee,2014,6.8
Millions,2004,6.9
Me and You and Everyone We Know,2005,7.3
Gypsy,1962,7.1
The Last Word,2017,6.6
Nosotros los Nobles,2013,7.3
Thumbsucker,2005,6.6
There Was a Crooked Man...,1970,6.9
JCVD,2008,7.1
The Road Within,2014,7.1
The Life and Times of Judge Roy Bean,1972,6.9
Come September,1961,7.0
Karwaan,2018,7.6
Big Nothing,2006,6.8
Welcome,2007,7.0
Bananas,1971,7.0
Recess: School's Out,2001,6.6
Kaagaz,2021,7.5
Venus,2006,7.1
Chaos Theory,2007,6.6
American Movie,1999,7.9
Monsieur Lazhar,2011,7.5
Hollywood Ending,2002,6.6
English Vinglish,2012,7.8
Comet,2014,6.8
The Lucky Ones,2007,6.9
Le mari de la coiffeuse,1990,7.3
Twelfth Night or What You Will,1996,7.2
Chhalaang,2020,6.8
Xi yan,1993,7.6
State and Main,2000,6.8
Bhool Bhulaiyaa,2007,7.4
Sweet and Lowdown,1999,7.2
The Pirates of Penzance,1983,7.1
Sommersturm,2004,7.2
Angrezi Medium,2020,7.3
Serious Men,2020,6.8
One Chance,2013,6.8
Fehér isten,2014,6.9
A Shaun the Sheep Movie: Farmageddon,2019,6.8
Fever Pitch,1997,6.7
The Milagro Beanfield War,1988,6.9
The Shape of Things,2003,6.7
Boy Meets Girl,2014,7.1
Still Breathing,1997,6.7
Eega,2012,7.8
Ging chaat goo si juk jaap,1988,7.1
Follow That Dream,1962,6.6
The Trouble with Angels,1966,7.4
Shubh Mangal Saavdhan,2017,6.9
The Cheyenne Social Club,1970,6.9
Manny & Lo,1996,6.6
Piku,2015,7.6
The Last Supper,1995,6.8
The Englishman Who Went Up a Hill But Came Down a Mountain,1995,6.6
Big Fan,2009,6.7
Toilet - Ek Prem Katha,2017,7.2
Kona fer í stríð,2018,7.4
Lik wong,1991,7.1
Casse-tête chinois,2013,7.0
The House of Yes,1997,6.6
The Front Page,1974,7.3
Mickybo and Me,2004,7.2
Desperate Living,1977,7.1
A Family Thing,1996,7.0
Infinitely Polar Bear,2014,7.0
Ernest et Célestine,2012,7.9
Ninjababy,2021,7.4
Mutafukaz,2017,6.7
The Perfect Game,2009,6.9
Happythankyoumoreplease,2010,6.8
Trailer Park Boys: The Movie,2006,7.2
Bangalore Days,2014,8.3
Fear of a Black Hat,1993,7.2
Candleshoe,1977,6.8
Don't Think Twice,2016,6.7
To Be or Not to Be,1983,6.8
Los lunes al sol,2002,7.6
The Hunting Party,2007,6.8
Husbands and Wives,1992,7.5
I Wanna Hold Your Hand,1978,6.9
Vicky Donor,2012,7.8
Clockwatchers,1997,6.6
Band Aid,2017,6.6
The Extraordinary Journey of the Fakir,2018,6.9
Mother India,1957,8.0
Take the Money and Run,1969,7.3
Hearts Beat Loud,2018,6.9
Munna Bhai M.B.B.S.,2003,8.1
A Little Romance,1979,7.5
The Powerpuff Girls Movie,2002,6.6
Being Julia,2004,7.0
Samba,2014,6.7
The Reivers,1969,6.7
Hôhokekyo tonari no Yamada-kun,1999,7.2
Swimming with Sharks,1994,7.1
Un tè con Mussolini,1999,6.9
Race Gurram,2014,7.3
Carry On Cleo,1964,6.7
Tillsammans,2000,7.4
En duva satt på en gren och funderade på tillvaron,2014,7.0
L'arnacoeur,2010,6.7
Bikur Ha-Tizmoret,2007,7.5
Me and Orson Welles,2008,6.7
Roger Dodger,2002,6.9
"Mune, le gardien de la lune",2014,7.2
Indian Summer,1993,6.6
Sukkar banat,2007,7.1
Shi di chu ma,1980,7.1
Party Girl,1995,6.6
A Midsummer Night's Sex Comedy,1982,6.6
L'amour en fuite,1979,7.1
Shrink,2009,6.6
The Four Seasons,1981,6.8
Beterang,2015,7.0
Moartea domnului Lãzãrescu,2005,7.9
Avane Srimannarayana,2019,7.9
Terra Willy: Planète inconnue,2019,6.6
Clay Pigeons,1998,6.6
Et maintenant on va où?,2011,7.5
Kikujirô no natsu,1999,7.7
Stone of Destiny,2008,6.8
Dragon Ball Z: Doragon bôru Z - Kami to Kami,2013,7.2
Wake Up Sid,2009,7.6
Mies vailla menneisyyttä,2002,7.7
Julien Donkey-Boy,1999,6.8
Dil To Pagal Hai,1997,7.0
Manmarziyaan,2018,6.9
Matando Cabos,2004,7.5
Father of the Bride,1950,7.2
Ajagajantharam,2021,8.0
The Dish,2000,7.2
Jeffrey,1995,6.8
Les invasions barbares,2003,7.6
Alferd Packer: The Musical,1993,7.1
The Incredibly True Adventure of Two Girls in Love,1995,6.6
Se ying diu sau,1978,7.4
Batman: Return of the Caped Crusaders,2016,6.8
L'ami de mon amie,1987,7.6
The Ballad of Cable Hogue,1970,7.3
Bob Roberts,1992,7.0
The Candidate,1972,7.0
Mard Ko Dard Nahin Hota,2018,7.4
Intermission,2003,6.8
Go Goa Gone,2013,6.7
Bu san,2003,7.1
Brochevarevarura,2019,8.1
99,2009,7.3
The Brothers McMullen,1995,6.6
Hum Tum,2004,7.0
Lovely & Amazing,2001,6.8
You Instead,2011,6.6
Tumbleweeds,1999,6.7
Blue in the Face,1995,6.7
"Torrente, el brazo tonto de la ley",1998,6.8
Trick,1999,7.2
10.000 Km,2014,6.6
Honkytonk Man,1982,6.6
Tai gik Cheung Sam Fung,1993,7.2
Still Crazy,1998,7.0
Love Liza,2002,6.9
Conversations with Other Women,2005,7.0
Inside I'm Dancing,2004,7.8
The Good Heart,2009,6.9
Newton,2017,7.7
Paris,2008,6.8
The Out of Towners,1970,7.1
Jaane Tu... Ya Jaane Na,2008,7.5
Last Night,1998,7.2
Kontroll,2003,7.6
Drowning by Numbers,1988,7.2
Love Aaj Kal,2009,6.8
La ley de Herodes,1999,7.9
Dum Laga Ke Haisha,2015,7.5
AK vs AK,2020,6.9
Dads,2019,6.8
Jawaani Jaaneman,2020,6.6
A Room for Romeo Brass,1999,7.6
Lage Raho Munna Bhai,2006,8.1
Xi you ji zhi da sheng gui lai,2015,6.8
Le Redoutable,2017,6.6
Zero Effect,1998,6.9
Melody,1971,7.6
Lootcase,2020,7.6
OMG: Oh My God!,2012,8.1
Mumford,1999,6.8
Promare: Puromea,2019,7.1
The Boy Friend,1971,6.9
Barcelona,1994,7.0
The Ugly Dachshund,1966,6.7
Fubar,2002,6.9
Premam,2015,8.3
Comme un chef,2012,6.6
Vanya on 42nd Street,1994,7.4
Bo bui gai wak,2006,6.6
Janeman,2021,8.4
Hum Aapke Hain Koun..!,1994,7.5
Gloria,2013,6.8
Husbands,1970,7.3
Religulous,2008,7.6
Toto le héros,1991,7.6
Jo Jeeta Wohi Sikandar,1992,8.2
Outsourced,2006,7.0
Tortilla Soup,2001,6.7
Trust,1990,7.4
Sixty Six,2006,6.7
Qarib Qarib Singlle,2017,7.1
Where to Invade Next,2015,7.5
The Ruling Class,1972,7.4
Stand by Me Doraemon 2,2020,7.8
Storytelling,2001,6.8
Griffin & Phoenix,2006,7.0
Walking and Talking,1996,6.7
The Secret of Santa Vittoria,1969,7.3
King of California,2007,6.6
Anbe Sivam,2003,8.7
Chuck & Buck,2000,6.6
Dream Girl,2019,7.0
Panic,2000,6.7
Kids in the Hall: Brain Candy,1996,6.9
Happy Accidents,2000,7.2
"Scotland, PA",2001,6.7
Rocket Science,2007,6.6
Greenfingers,2000,6.8
2 States,2014,6.9
Cookie's Fortune,1999,6.9
Fei lung mang jeung,1988,7.2
Ankhon Dekhi,2013,8.0
Soodhu Kavvum,2013,8.3
Golmaal: Fun Unlimited,2006,7.5
Bheeshma,2020,6.7
Aqua Teen Hunger Force Colon Movie Film for Theaters,2007,6.7
Shooting Fish,1997,6.6
The Brother from Another Planet,1984,6.8
Danny Deckchair,2003,6.7
In the Bleak Midwinter,1995,7.2
Namastey London,2007,7.1
Dean Spanley,2008,7.2
Carry On... Up the Khyber,1968,6.8
Le nom des gens,2010,7.2
Rangeela,1995,7.5
Amateur,1994,6.9
Baadshah,1999,6.9
House of D,2004,6.9
Arya 2,2009,7.4
In the Company of Men,1997,7.2
Good Newwz,2019,6.9
Que Horas Ela Volta?,2015,7.8
Amar Akbar Anthony,1977,7.5
Hungama,2003,7.6
Get Real,1998,7.5
Katakuri-ke no kôfuku,2001,7.0
Baai ga jai,1981,7.4
Elling,2001,7.5
Antonia,1995,7.5
Gongjo,2017,6.6
Brighton Beach Memoirs,1986,6.9
Kolja,1996,7.8
Liberty Heights,1999,7.0
The Dirty Picture,2011,6.6
Bure baruta,1998,7.8
Populaire,2012,6.9
Starbuck,2011,7.2
Bella Martha,2001,7.2
Vinodhaya Sitham,2021,8.2
Mr. India,1987,7.8
Marilyn Hotchkiss' Ballroom Dancing & Charm School,2005,6.6
Le concert,2009,7.5
Fidaa,2017,7.5
Klovn: The Movie,2010,7.2
Lassie,2005,6.7
The Butcher Boy,1997,7.1
Next Stop Wonderland,1998,6.6
Qi mou miao ji: Wu fu xing,1983,6.7
If I Were You,2012,7.0
Angamaly Diaries,2017,8.0
24,2016,7.9
Martian Child,2007,6.8
Chaman Bahaar,2020,7.0
Sleepwalk with Me,2012,6.8
Six-String Samurai,1998,6.6
The Dangerous Lives of Altar Boys,2002,7.0
Love Per Square Foot,2018,7.2
Chasseurs de dragons,2008,6.6
Chal Mera Putt 3,2021,8.2
Cosi,1996,6.7
Golmaal,1979,8.6
Edmond,2018,7.3
"Bon Cop, Bad Cop",2006,6.8
El hijo de la novia,2001,7.8
Hunterrr,2015,7.0
Kabhi Haan Kabhi Naa,1994,7.8
I quattro dell'Ave Maria,1968,6.6
Rathnan Prapancha,2021,8.9
Mandela,2021,8.5
Kei zik,1989,7.0
La délicatesse,2011,6.6
Garam Masala,2005,6.7
Song for Marion,2012,7.0
The Van,1996,6.7
Sordid Lives,2000,6.8
The Grass Harp,1995,7.9
Fong Sai Yuk,1993,7.2
The Hoax,2006,6.7
"Harry, un ami qui vous veut du bien",2000,7.1
Life in a Metro,2007,7.4
Perfectos desconocidos,2018,6.6
Look,2007,6.6
Geography Club,2013,6.6
Sólo con tu pareja,1991,6.9
Une vie de chat,2010,6.9
Suckers,1999,6.6
Android Kunjappan Version 5.25,2019,8.2
Oh Baby...,2019,7.4
Jack & Sarah,1995,6.7
Monsieur Ibrahim et les fleurs du Coran,2003,7.3
Bathtubs Over Broadway,2018,7.5
Cash,2021,7.9
'A' gai wak 2,1987,7.1
Sakath,2021,8.5
The Winning Season,2009,6.6
Thirimali,2022,9.3
Phir Hera Pheri,2006,7.1
Ee. Ma. Yau,2018,8.4
The Original Kings of Comedy,2000,6.8
Helmet,2021,6.7
Modern Romance,1981,7.0
Sehari,2022,8.6
Cherish,2002,6.6
The Sum of Us,1994,7.3
Hum Dil De Chuke Sanam,1999,7.5
Jinde Meriye,2020,7.0
Grace of My Heart,1996,6.8
A Cock and Bull Story,2005,6.7
Pane e tulipani,2000,7.3
Dead or Alive: Hanzaisha,1999,6.8
The Adjuster,1991,6.7
Freaky Deaky,2012,6.8
Sonu Ke Titu Ki Sweety,2018,7.1
Unconditional Love,2002,6.8
Shi ba ban wu yi,1982,6.9
High Strung,1992,6.7
Da bing xiao jiang,2010,6.9
Blackmail,2018,7.1
Hichki,2018,7.5
Le placard,2001,7.0
Johnny Stecchino,1991,7.2
L'ultimo bacio,2001,6.9
Good Hair,2009,6.9
La doublure,2006,6.6
Stand by Me Doraemon,2014,7.4
Oye Lucky! Lucky Oye!,2008,7.7
Il mostro,1994,7.4
Box of Moonlight,1996,7.2
La comunidad,2000,7.3
Please Give,2010,6.6
Take Me Home,2011,6.8
Njan Prakashan,2018,7.7
Kenny,2006,7.2
Ridicule,1996,7.4
Cantinflas,2014,6.6
Rudo y Cursi,2008,6.8
Career Girls,1997,7.1
Thua Me Con Di,2019,7.5
Oopiri,2016,8.0
29th Street,1991,7.3
Good Ol' Boy,2015,6.8
Mambo Italiano,2003,6.7
Shall we dansu?,1996,7.7
The Tao of Steve,2000,6.7
TwentyFourSeven,1997,7.1
Foo gwai lip che,1986,7.0
The Vicious Kind,2009,6.9
Funny Bones,1995,6.8
Maheshinte Prathikaaram,2016,8.3
Pyaar Ka Punchnama 2,2015,7.2
Krámpack,2000,6.7
Big Eden,2000,7.3
I'm All Right Jack,1959,7.2
Jolly LLB 2,2017,7.2
Main Khiladi Tu Anari,1994,6.6
Dhanak,2015,7.9
Cold Turkey,1971,6.7
Kadakh,2019,7.0
Melvin Goes to Dinner,2003,6.8
"LSD: Love, Sex Aur Dhokha",2010,7.1
Driving Lessons,2006,6.7
Henry Fool,1997,7.2
La fille sur le pont,1999,7.5
Avril et le monde truqué,2015,7.3
Bahut Hua Sammaan,2020,7.3
Wilbur Wants to Kill Himself,2002,6.8
Sudani from Nigeria,2018,8.2
Shatranj Ke Khilari,1977,7.7
Mother,1996,6.9
Pataakha,2018,7.2
Jathi Ratnalu,2021,7.6
De De Pyaar De,2019,6.6
Kirik Party,2016,8.3
Bluffmaster!,2005,6.6
Le grand méchant renard et autres contes...,2017,7.4
Gui da gui,1980,7.1
Do Dooni Chaar,2010,7.5
"Buona Sera, Mrs. Campbell",1968,6.8
La chute de l'empire américain,2018,6.8
Obsluhoval jsem anglického krále,2006,7.4
Mera Naam Joker,1970,8.0
Comfort and Joy,1984,6.7
Spinning Boris,2003,6.6
Band Baaja Baaraat,2010,7.2
Numb,2007,6.6
Mandi,1983,7.5
Music Within,2007,7.3
Mozart and the Whale,2005,6.8
Nitro Circus: The Movie,2012,6.7
Hands on a Hardbody: The Documentary,1997,7.6
Dummy,2002,6.7
Dedication,2007,6.7
Khosla Ka Ghosla!,2006,8.3
Jane Wants a Boyfriend,2015,6.8
Italiensk for begyndere,2000,7.1
Wong ga si je IV: Jik gik jing yan,1989,7.1
I Like It Like That,1994,6.8
Rôjin Z,1991,6.9
The Big Kahuna,1999,6.6
Ondu Motteya Kathe,2017,8.0
Ishq,1997,6.9
Pelli Choopulu,2016,8.2
Train de vie,1998,7.7
Le goût des autres,2000,7.2
Pantaleón y las visitadoras,1999,7.1
Bambukat,2016,7.6
Yevade Subramanyam,2015,7.6
Lost in Yonkers,1993,6.8
Ruang rak noi nid mahasan,2003,7.5
Lin Shi Rong,1979,7.3
Fresa y chocolate,1993,7.4
Rocket Singh: Salesman of the Year,2009,7.5
102 Not Out,2018,7.5
Lymelife,2008,6.9
The Emperor's New Clothes,2001,6.9
Peepli [Live],2010,7.4
The Moderns,1988,6.6
Minoes,2001,6.9
Devadas,2018,6.7
Oh My Kadavule,2020,8.1
Microbe et Gasoil,2015,6.7
"Life, Animated",2016,7.5
Trailer Park Boys: Countdown to Liquor Day,2009,7.4
Pretty Poison,1968,7.1
Rock-a-Bye Baby,1958,6.7
Kuryer,1986,7.9
"Patrik 1,5",2008,6.9
Meet the Patels,2014,7.2
Sui Dhaaga: Made in India,2018,6.7
Just Looking,1999,6.7
Kappela,2020,7.6
My First Mister,2001,7.2
Mifunes sidste sang,1999,7.1
The Saddest Music in the World,2003,7.1
Hear My Song,1991,7.0
Dil Hai Ki Manta Nahin,1991,7.3
Imaginary Heroes,2004,7.1
The Trip,2002,7.1
Yes Boss,1997,6.8
Gekijô-ban - Bishôjo senshi Sêrâ Mûn R,1993,7.7
Chup Chup Ke,2006,6.9
Oh Manapenne,2021,7.4
Chillar Party,2011,7.5
Spellbound,2002,7.6
Unstrung Heroes,1995,6.7
The Go-Getter,2007,6.6
The Greatest Movie Ever Sold,2011,6.6
Conte d'automne,1998,7.5
Comali,2019,7.0
Today's Special,2009,6.6
Varuthapadatha Valibar Sangam,2013,6.9
That's What I Am,2011,7.0
Tanu Weds Manu,2011,6.8
Luv Shuv Tey Chicken Khurana,2012,6.6
Basta,2021,8.0
Plots with a View,2002,6.6
Stanley Ka Dabba,2011,7.8
Living Out Loud,1998,6.6
Sachein,2005,7.4
Angoor,1982,8.3
Atharintiki Daaredi,2013,7.3
Raja Raja Chora,2021,7.8
Saps at Sea,1940,7.2
Thanneer Mathan Dhinangal,2019,7.9
Rang De,2021,6.6
Choose Me,1984,6.8
Nenu Sailaja,2016,7.0
Lonesome Jim,2005,6.6
Salmer fra kjøkkenet,2003,7.3
Tanu Weds Manu Returns,2015,7.6
Shu Thayu,2018,7.3
Chaalbaaz,1989,6.8
O Homem Que Copiava,2003,7.6
Mr Perfect,2011,7.1
Nuvvu Naaku Nachchav,2001,8.7
13 game sayawng,2006,6.7
The Theory of Flight,1998,6.6
Paa,2009,7.2
La vida inmoral de la pareja ideal,2016,7.0
Naduvula Konjam Pakkatha Kaanom,2012,8.2
Poulet aux prunes,2011,7.0
Darling,2021,6.7
Kolamavu Kokila,2018,7.3
Maragadha Naanayam,2017,7.1
Mystery Science Theater 3000: The Movie,1996,7.3
Dil,1990,6.7
Magalir Mattum,1994,7.2
Saint Ralph,2004,7.4
Manichitrathazhu,1993,8.8
Match,2014,6.7
Julayi,2012,7.3
Porinju Mariam Jose,2019,6.8
Vasoolraja M.B.B.S,2004,7.9
Theevandi,2018,6.6
Dhool,2003,7.2
Fukrey,2013,6.9
Pyaar Ka Punchnama,2011,7.6
Fong Sai Yuk 2,1993,7.0
Un heureux événement,2011,6.6
Geet Gaata Chal,1975,7.0
Walking Across Egypt,1999,7.2
Mookuthi Amman,2020,6.6
Deewana,1992,6.9
Bell Bottom,2019,8.3
Aadu 2,2017,7.1
Raja Huli,2013,7.2
Taxi No. 9 2 11: Nau Do Gyarah,2006,7.3
Tora Tora,2017,7.8
Blue Collar Comedy Tour: The Movie,2003,7.1
Guduputani,2021,8.8
Love & Human Remains,1993,6.7
Dhamaal,2007,7.4
Dance Me Outside,1994,7.1
Yoake tsugeru Rû no uta,2017,6.8
Varane Avashyamund,2020,6.9
Manam,2014,8.0
Ustad Hotel,2012,8.2
Coldblooded,1995,6.7
La niña de tus ojos,1998,6.8
Chithram,1988,8.6
Love! Valour! Compassion!,1997,7.0
Socha Na Tha,2005,7.4
Naanum Rowdydhaan,2015,7.3
Maryada Ramanna,2010,7.5
Kick,2009,7.9
Nanban,2012,7.7
Agnes Browne,1999,6.6
Jomonte Suvisheshangal,2017,6.7
Velaiilla Pattadhari,2014,7.9
Lipstick Under My Burkha,2016,6.8
Ninnu Kori,2017,7.5
Different for Girls,1996,7.0
Jhol,2019,8.5
Offside,2006,7.3
Dragon Ball: Shenron no Densetsu,1986,6.9
Hangin' with the Homeboys,1991,7.0
Gabbar Singh,2012,7.1
Hushaaru,2018,7.0
Kadhalum Kadanthu Pogum,2016,7.4
Bhale Bhale Magadivoy,2015,7.8
Angela's Christmas Wish,2020,7.1
On a Clear Day,2005,6.9
Pyaar To Hona Hi Tha,1998,6.7
Sound of Noise,2010,7.2
Khubsoorat,1980,7.6
Taxiwaala,2018,7.0
Hannibal Brooks,1969,6.6
Joker,2016,8.4
Marguerite,2015,7.0
Lawyer Viswanath,2021,8.0
One Piece: Episode of Alabaster - Sabaku no Ojou to Kaizoku Tachi,2007,7.0
Eeb Allay Ooo!,2019,7.3
Baxter,1989,6.9
Bon voyage,2003,6.8
Poove Unakkaga,1996,8.7
Leaving Normal,1992,6.6
The Lost Skeleton of Cadavra,2001,7.0
Hearat Shulayim,2011,7.1
Free Enterprise,1998,6.8
Do Ankhen Barah Haath,1957,8.4
Minsaara Kanavu,1997,6.9
Carry on Jatta 2,2018,6.9
Gang Leader,2019,7.7
Axone,2019,7.0
Sandesham,1991,9.0
Bheja Fry,2007,7.6
Kabul Express,2006,6.8
Dharala Prabhu,2020,6.8
Godha,2017,7.4
Mugguru Monagallu,2021,7.3
Ee Nagaraniki Emaindi,2018,8.0
Fauteuils d'orchestre,2006,6.7
Dulhe Raja,1998,6.7
Ek Chalis Ki Last Local,2007,7.3
The Blue Umbrella,2005,7.4
Charly,2002,6.6
Driving Licence,2019,7.2
Happy,2006,7.1
Well Done Abba!,2009,7.3
Foster,2011,6.9
Chori Chori,1956,7.7
HottieBoombaLottie,2008,7.0
A Holiday Chance,2021,7.3
Kettiyollaanu Ente Maalakha,2019,7.5
Widows' Peak,1994,6.7
Brindaavanam,2010,7.2
Wah-Wah,2005,6.8
Dasvidaniya,2008,7.8
Hard Core Logo,1996,7.3
Paulette,2012,6.6
Luk ting kei,1992,7.1
Laal Rang,2016,8.0
Nabab Nandini,2007,6.7
Chal Mera Putt,2019,8.0
Anari,1959,7.9
Vaanku,2021,6.7
How to Kill Your Neighbor's Dog,2000,6.9
Orange,2010,6.7
Reality,2012,6.8
Fakin' Da Funk,1997,7.4
Za jia xiao zi,1979,7.3
Shankar Dada MBBS,2004,7.5
Middle Class Melodies,2020,7.8
100% Love,2011,7.0
Kunjiramayanam,2015,6.7
I Went Down,1997,6.9
De Dhakka,2008,7.2
Seeta Aur Geeta,1972,6.8
Deewana Mastana,1997,6.7
Cinema Bandi,2021,8.0
The Wheeler Dealers,1963,6.6
Special,2006,6.8
Geung see sin sang,1985,7.4
Yamadonga,2007,7.3
Manoranjan,1974,6.8
Thenali,2000,7.6
Manmadhudu,2002,8.3
Siva Manasula Sakthi,2009,7.1
Jolly LLB,2013,7.6
The Bail,2002,7.6
Mon meilleur ami,2006,6.7
Vikrithi,2019,7.4
Teen Yaari Katha,2012,7.2
Uttama Villain,2015,7.3
Nikka Zaildar,2016,7.5
The Navigators,2001,7.0
Ishqiya,2010,7.3
Chupke Chupke,1975,8.3
Conan O'Brien Can't Stop,2011,7.0
Hum Kisise Kum Naheen,1977,7.2
Happy Go Lucky,2014,6.7
Adhurs,2010,6.8
North 24 Kaatham,2013,7.6
Le coup du parapluie,1980,6.7
Minnale,2001,7.6
Jatt & Juliet 2,2013,7.4
Dedh Ishqiya,2014,7.0
Ye Mard Bechara,2021,8.7
Full Force,2019,8.3
"Dancer, Texas Pop. 81",1998,6.7
"Hey There, It's Yogi Bear",1964,6.6
Mathu Vadalara,2019,8.3
Parava,2017,8.1
Raju Ban Gaya Gentleman,1992,6.8
Malliswari,2004,7.8
Jil Jung Juk,2016,6.8
Govinda Govinda,2021,8.1
Golkeri,2020,6.9
Love and Death on Long Island,1997,6.9
The Best Two Years,2004,7.6
Waah Zindagi,2021,7.4
Muthu,1995,7.6
Makdee,2002,7.5
Pilla Zamindar,2011,7.8
Kevin Hart: Laugh at My Pain,2011,7.4
Denise Calls Up,1995,6.6
Phas Gaye Re Obama,2010,7.5
"Ano natsu, ichiban shizukana umi",1991,7.5
Gopala Gopala,2015,7.3
Two Family House,2000,7.2
Getting Grace,2017,7.4
Gunda,1998,7.4
Jaane Bhi Do Yaaro,1983,8.4
Kaakkaa Muttai,2014,8.4
Kevin Hart: Let Me Explain,2013,6.8
Guddiyan Patole,2019,7.1
The Happy Years,1950,6.9
Durgeshgorer Guptodhon,2019,6.7
Le diable par la queue,1969,6.8
Fubar II,2010,6.7
No Entry,2005,6.6
Bobby,1973,7.1
Ahaan,2019,7.1
Padosan,1968,8.1
Aelay,2021,7.1
Dave Chappelle's Block Party,2005,7.2
Two Countries,2015,6.8
Kaatteri,2020,8.7
Hayop ka!,2020,6.8
The Boys & Girls Guide to Getting Down,2006,6.6
Pak Pak Pakaak,2005,7.4
Jinne Jamme Saare Nikamme,2021,7.1
Thenkasipattanam,2000,7.5
Qiu Ju da guan si,1992,7.6
Zombie Reddy,2021,6.9
Jatt & Juliet,2012,7.5
Neer Dose,2016,8.1
Nadodikkattu,1987,8.8
Goopy Gyne Bagha Byne,1969,8.8
Tumhari Sulu,2017,7.0
Roseanna's Grave,1997,7.2
The Adventures of Sebastian Cole,1998,6.7
Eiga Doraemon Shin Nobita to tetsujin heidan: Habatake tenshitachi,2011,7.8
Mujhse Shaadi Karogi,2004,6.7
I've Heard the Mermaids Singing,1987,6.8
Naduve Antaravirali,2018,7.8
Kabluey,2007,6.6
Jalsa,2008,7.4
Ambili,2019,7.0
The Price of Milk,2000,6.7
Jihne Mera Dil Luteya,2011,7.4
Yaarana,1981,7.1
Goa,2010,6.6
Waqt: The Race Against Time,2005,6.8
Great World of Sound,2007,6.7
Ohm Shanthi Oshaana,2014,7.7
Mohalla Assi,2015,6.8
Billy's Hollywood Screen Kiss,1998,6.7
Pushpaka Vimana,1987,8.6
What's Cooking?,2000,6.9
Ethir Neechal,2013,6.8
Duane Hopwood,2005,6.6
Mio fratello è figlio unico,2007,7.0
Nabab,2017,7.4
Punnagai Mannan,1986,7.8
Googly,2013,7.4
Sharato Lagu,2018,7.6
Sweet November,1968,6.9
Breakfast with Scot,2007,6.8
A Aa,2016,6.9
Kammara Sambhavam,2018,7.3
Charlotte a du fun,2018,6.6
Sabhaapathy,2021,7.3
Bhoothnath Returns,2014,6.6
Saare Jahaan Se Mehnga...,2013,7.1
Chalthe Chalthe,2018,8.9
Thaanaa Serndha Koottam,2018,6.7
I Am Kalam,2010,8.0
Malamaal Weekly,2006,7.0
Ujda Chaman,2019,6.9
Musíme si pomáhat,2000,7.7
Pannaiyarum Padminiyum,2014,7.8
Gekijô-ban - Bishôjo senshi Sêrâ Mûn S,1994,7.7
Aditya 369,1991,8.4
Hum Hain Rahi Pyar Ke,1993,7.4
Humble Politician Nograj,2018,7.1
Bojhena Shey Bojhena,2012,7.6
Love Serenade,1996,6.8
L'empereur,2017,6.6
Guppy,2016,8.1
Chandramukhi,2005,7.2
China Town,1962,7.0
Mr. & Mrs. '55,1955,7.2
Summerland,2020,6.8
Dasharatham,1989,8.4
Cachorro,2004,7.1
Munthirivallikal Thalirkkumbol,2017,7.0
Queen,2018,7.0
Kshana Kshanam,1991,8.1
Unda,2019,7.9
Caravan,1971,6.8
Tendre poulet,1977,6.7
Jab Pyar Kisise Hota Hai,1961,6.8
Winnie the Pooh: A Very Merry Pooh Year,2002,6.7
Best of Luck Laalu,2017,8.8
Nicotina,2003,6.6
Putt Jattan De,1983,7.6
Nala Damayanthi,2003,7.1
Love Sorries,2021,8.9
Gachchi,2017,7.4
The Hammer,2007,7.2
Mayabazaar 2016,2020,7.3
Heartlands,2002,6.9
Dookudu,2011,7.5
Action Hero Biju,2016,7.7
Cheeni Kum,2007,6.8
Mundaasupatti,2014,7.6
Man in the Chair,2007,7.1
Yom el-Din,2018,7.3
The Fluffy Movie: Unity Through Laughter,2014,7.3
Girls Will Be Girls,2003,7.0
The Five Senses,1999,6.7
Tempt Raja,2021,8.2
Teri Meri Nahi Nibhni,2021,8.0
Stickmen,2001,6.7
Mann Fakiraa,2020,8.0
Mungaru Male,2006,8.3
Mel Karade Rabba,2010,7.2
Bhooter Bhabishyat,2012,8.1
Shree 420,1955,8.0
Avvai Shanmugi,1996,7.9
Urf Ghanta,2021,8.1
Relax... It's Just Sex,1998,6.7
Rajamanikyam,2005,7.8
Ek Mini Katha,2021,7.3
Mitron,2018,6.9
Chacun cherche son chat,1996,6.8
Inkenti Nuvve Cheppu,2017,8.6
You Have a Nice Flight,2017,7.3
Sallah Shabati,1964,7.3
Sardar Mohammad,2017,7.5
I Married a Strange Person!,1997,7.0
Varikkuzhiyile Kolapathakam,2019,6.8
Ram Lakhan,1989,6.8
Series 7: The Contenders,2001,6.6
Vaarthakal Ithuvare,2019,9.5
Undercover Angel,1999,6.6
Anando Brahma,2017,6.7
La guerre des tuques,1984,7.6
Beautiful People,1999,6.7
Manoharam,2019,6.8
Njandukalude Naattil Oridavela,2017,7.0
Bhala Pae Tate 100 Ru 100,2015,8.3
Son of Manjeet Singh,2018,7.8
Yoddha,1992,8.4
Meesha Madhavan,2002,7.9
Chamatkar,1992,6.6
Mr & Mrs 420 Returns,2018,6.6
Bombay to Goa,1972,6.8
Hulchul,2004,7.0
Satte Pe Satta,1982,7.2
Coolie,1983,6.6
Kaavalan,2011,7.1
Ammaa Ki Boli,2021,7.3
Welcome Zindagi,2015,8.0
Kattappanayile Rithwik Roshan,2016,7.1
Mungaru Male 2,2016,6.7
Sapthamashree Thaskaraha,2014,6.8
Sharaabi,1984,7.4
Khaleja,2010,7.6
Panchatanthiram,2002,8.1
Oru Vadakkan Selfie,2015,6.7
Moodar Koodam,2013,7.7
Indru Netru Naalai,2015,8.1
Hello Guru Prema Kosame,2018,7.1
Pranchiyettan and the Saint,2010,8.3
Kit ji jin si,1992,7.0
Veyi Subhamulu Kalugu Neeku,2022,9.5
ABCD: American-Born Confused Desi,2013,6.7
Ole Kanda Naal,2021,8.5
Elsa y Fred,2005,7.5
Vadhayiyaan Ji Vadhayiyaan,2018,6.9
Happy Wedding,2016,6.9
Comme une image,2004,6.9
"Baby, Take a Bow",1934,6.6
American Friends,1991,6.7
Valentín,2002,7.5
Leader,1964,7.4
The Lift Boy,2019,7.2
Aha Naa Pellanta,1987,8.9
Run Raja Run,2014,7.4
Io speriamo che me la cavo,1992,6.9
Gujjubhai the Great,2015,8.2
Xi zao,1999,7.5
Chi La Sow,2018,7.8
The Big One,1997,7.0
Anand,2004,7.9
Pyaar Kiya To Darna Kya,1998,6.7
Wedding Cha Shinema,2019,6.8
Reach the Rock,1998,6.7
Rabb Ne Banaiyan Jodiean,2006,7.3
Abhiyum Naanum,2008,7.6
"Road, Movie",2009,6.8
Amar Akbar Anthony,2015,6.6
San De huo shang yu Chong Mi Liu,1977,6.7
O' Horten,2007,6.8
Kaakki Sattai,1985,7.1
Kukushka,2002,7.8
The SuperMarioLogan Movie,2017,8.2
Krishna Gaadi Veera Prema Gaadha,2016,7.5
Kalyana Vaibhogame,2016,6.8
Badnaam Gali,2019,7.1
The Last Days of Chez Nous,1992,6.6
Chameli Ki Shaadi,1986,7.5
Miles of Love,2021,9.7
Raja Rani,2013,7.6
Vaayai Moodi Pesavum,2014,6.7
Mr. Natwarlal,1979,6.6
Hera Pheri,1976,6.8
Luk ting kei II: San lung gau,1992,7.0
Carry on Jatta,2012,8.3
Na Maloom Afraad 2,2017,6.9
Mental Madhilo,2017,7.6
Alice Júnior,2019,7.0
"Gallit Gondhal, Dillit Mujra",2009,7.5
The Wife,1995,6.7
Thillu Mullu,1981,8.6
A Method in Multishade,2021,9.1
Aravindante Athidhikal,2018,7.1
Waydowntown,2000,6.8
Me Myself I,1999,6.6
Running Shaadi,2017,6.6
Stonewall,1995,7.0
Mr & Mrs Sadachari,2016,7.2
Ninnila Ninnila,2021,7.6
El Jeremías,2015,7.3
Simple Agi Ondh Love Story,2013,8.1
Beti Bete,1964,6.8
Naram Garam,1981,7.4
Va savoir,2001,6.9
Heerak Rajar Deshe,1980,8.9
Aatpadi Nights,2019,7.7
Purana Purush,1978,8.2
Dil Dosti Etc,2007,7.0
Comedy Couple,2020,7.6
Chalo Dilli,2011,6.8
Godfather,1991,8.6
Temporada de patos,2004,7.3
Bishôjo senshi Sêrâ Mûn super S: Sêrâ 9 senshi shûketsu! Burakku dorîmu hôru no kiseki,1995,7.5
Chennai 600028 II: Second Innings,2016,7.0
Chamak,2017,6.9
Harishchandrachi Factory,2009,8.4
Huttu Habbada Shubhashayagalu,2021,8.9
Kootathil Oruthan,2017,6.7
Brij Mohan Amar Rahe,2017,6.8
Meyaadha Maan,2017,7.2
Suryavamsam,1997,7.7
Idharkuthane Aasaipattai Balakumara,2013,7.2
Azhakiya Ravanan,1996,7.4
Uncle Nino,2003,6.6
Cycle,2018,8.3
Tu Hai Mera Sunday,2016,7.8
Swayamvar,1980,7.4
Operation Alamelamma,2017,8.0
Hum,1991,6.8
Real Time,2008,6.7
Efectos secundarios,2006,6.6
Padayappa,1999,8.2
Manje Bistre,2017,6.7
Rajkumar,1964,6.9
Filmistaan,2012,7.3
Sathi Leelavathi,1995,8.2
Manmatha Leelai,1976,6.7
Idiot,2002,7.1
Bahattar Hoorain,2019,9.1
A Feast at Midnight,1994,6.7
Santhosh Subramaniyam,2008,7.5
Bonnie Scotland,1935,6.9
Paying Guest,1957,7.0
Bawarchi,1972,8.1
Ventilator,2018,7.6
Saroja,2008,7.1
Jagte Raho,1956,8.3
Half Ticket,1962,7.4
Mutual Appreciation,2005,6.7
Mastana,1970,7.0
Boot Polish,1954,8.0
Oohalu Gusagusalade,2014,7.7
Ikko Mikke,2020,8.2
Lawless Heart,2001,6.7
Un Padre No Tan Padre,2016,6.9
Parakh,1960,6.9
Taqdeerwala,1995,6.6
Khatta Meetha,1978,7.5
Pyaar Ke Side Effects,2006,6.7
Laddu,2021,8.3
Monster,2019,6.8
Imsai Arasan 23rd Pulikecei,2006,7.8
Run,2002,7.1
Thamaasha,2019,7.8
Nikka Zaildar 2,2017,6.7
Days of Tafree,2016,7.6
Sundara,2012,6.9
Raju Kannada Medium,2018,7.2
The Yes Men,2003,6.9
Kala Shah Kala,2019,7.3
Bommarillu,2006,8.2
Endrendrum Punnagai,2013,6.8
Mahapurush,1965,7.2
Mem-Didi,1961,7.4
Salt n' Pepper,2011,7.4
Boss Engira Baskaran,2010,7.3
Vettam,2004,7.0
Juyuso seubgyuksageun,1999,7.0
Chhello Divas,2015,8.3
Life Before Wedding,2010,7.1
All About You,2001,6.7
Albela,1951,7.0
Kalakalappu,2012,6.9
Ramji Rav Speaking,1989,8.5
Love in Tokyo,1966,6.8
Männer wie wir,2004,6.7
Love for Rent,2005,6.9
Gulabjaam,2018,8.2
Namak Halaal,1982,7.3
Aanandam,2016,7.2
Maya Bazaar,1957,9.2
Inconscientes,2004,7.2
Saptagiri Express,2016,7.5
My Boss,2012,6.7
Kaatrin Mozhi,2018,7.4
Gone Kesh,2019,7.0
Express Raja,2016,7.0
Ashta Chamma,2008,7.4
Ee Parakkum Thalika,2001,7.4
Kutte Ki Dum,2018,9.0
My Son the Fanatic,1997,6.8
Bhairava Dweepam,1994,8.0
Engeyum Eppodhum,2011,7.9
Rakshadhikari Baiju Oppu,2017,7.3
YouTube Poop: The Movie,2017,6.6
Trekkies,1997,6.9
Ram Aur Shyam,1967,7.4
Ghare & Baire,2018,6.6
Mirageman,2007,7.0
Aan Paavam,1985,7.8
Dream with the Fishes,1997,7.0
Seethamma Vaakitlo Sirimalle Chettu,2013,7.5
AB Aani CD,2020,6.6
Smiley,1956,6.8
Enga Veetu Pillai,1965,7.1
Apoorva Sagodharargal,1989,8.3
Chachi 420,1997,7.4
Not the Messiah: He's a Very Naughty Boy,2010,7.2
Sabapathy,1941,6.6
Bahu Begum,1967,6.7
Thrissivaperoor Kliptham,2017,6.8
Golak Bugni Bank Te Batua,2018,7.1
Children on Their Birthdays,2002,6.6
Jump Tomorrow,2001,7.1
Kadha Parayumbol...,2007,7.7
Jagadeka Veerudu Athiloka Sundari,1990,8.0
Mr. & Mrs. 420,2014,7.2
Km. 0,2000,7.0
Thellavarithe Guruvaram,2021,6.8
Pachadlela,2004,7.4
The Kettles in the Ozarks,1956,6.7
A Man of No Importance,1994,6.7
Man of the Century,1999,7.0
"Was tun, wenn's brennt?",2001,6.8
Monsoon Mangoes,2016,6.7
Jhankaar Beats,2003,7.2
Schultze Gets the Blues,2003,7.0
Venkatadri Express,2013,6.9
Coolie No. 1,1995,6.6
Love Ni Bhavai,2017,8.4
Anuraga Karikkin Vellam,2016,7.2
Yehi Hai Zindagi,1977,6.6
Mind the Gap,2004,7.0
Aankhen,1993,6.7
Kabaddi Kabaddi Kabaddi,2019,7.6
Takkari Donga,2002,6.7
Yaar Anmulle,2011,7.4
Ninne Pelladatha,1996,7.5
Punjabi House,1998,8.1
Sadda Adda,2012,7.1
Soft Fruit,1999,6.6
Gundamma Katha,1962,8.8
Udayananu Tharam,2005,7.9
Mozhi,2007,8.0
Eiga Doraemon: Nobita to kiseki no shima - Animaru adobenchâ,2012,6.9
In Harihar Nagar,1990,8.6
"God Said, 'Ha!'",1998,7.2
The Trouble with Dee Dee,2005,6.6
Attakathi,2012,7.2
Tere Ghar Ke Samne,1963,7.5
Aadavari Matalaku Ardhalu Verule,2007,7.5
The Original Latin Kings of Comedy,2002,6.6
DysFunktional Family,2003,6.6
Amchyasarkhe Aamich,1990,7.4
Chemistry of Kariyappa,2019,7.3
Ruang talok 69,1999,7.2
Bhajjo Veero Ve,2018,7.2
Exporting Raymond,2010,6.9
Midhunam,1993,7.8
Nonsense,2018,7.1
Poshter Boyz,2014,7.2
Cero y van 4,2004,6.7
Samehada otoko to momojiri onna,1998,6.7
Ami Thumi,2017,6.7
Da wan,2001,6.7
Sweety Satarkar,2020,7.5
Vijay Superum Pournamiyum,2019,7.1
Bau Na Vichaar,2019,8.8
Maalamaal,1988,6.9
Meeruthiya Gangsters,2015,7.2
Sapthagiri LLB,2017,7.3
Chore Chore Mastuto Bhai,2005,6.7
Oru Thathvika Avalokanam,2021,6.8
Khilona Bana Khalnayak,1995,7.0
Chandralekha,1997,7.5
Yanda Kartavya Aahe,2006,6.6
Naadodigal,2009,7.7
Ikkat,2021,7.1
Moonpie,2006,7.7
Pataas,2015,6.7
Hero,2021,6.6
Pavithram,1994,8.0
Badri,2000,7.2
Family Pack,2022,8.0
Gaalipata,2008,8.0
Kaathala Kaathala,1998,7.5
Victoria No. 203,1972,7.1
Spirit,2012,7.5
Tum Haseen Main Jawan,1970,7.0
Shaadi Mubarak,2021,7.0
Iedereen beroemd!,2000,7.0
Cruising Bar,1989,6.8
An International Local Story,2019,7.2
Pammal K. Sambandam,2002,7.2
Solva Saal,1958,7.0
Punks,2000,7.1
Bhuvan Shome,1969,7.4
Meesaya murukku,2017,7.6
La gabbianella e il gatto,1998,7.1
Pudhu Pudhu Arthangal,1989,7.1
Uran Khatola,1955,7.5
Vinodayathra,2007,7.1
Shaukeen,1982,7.2
Ek Daav Dhobhipachhad,2008,7.3
Tawaif,1985,7.1
Redu,2017,8.4
Galatta Kalyanam,1968,7.5
Appu,2002,8.1
Por la libre,2000,6.9
Aga Bai Arecha,2004,7.4
Kadhalil Sodhappuvadhu Yeppadi,2012,7.1
Remember Amnesia,2019,8.1
Katheyondu Shuruvagide,2018,7.3
Night Out,2019,7.6
Kanchana: Muni 2,2011,6.7
Waiting,2015,7.2
Ramji Londonwaley,2005,6.7
Run Baby Run,2012,6.6
Goolmaal,2006,7.6
House Arrest,2021,9.6
Hyderabad Nawabs,2006,6.9
The Making of '...And God Spoke',1993,6.7
Little Soldiers,1996,7.8
Bhoot Bungla,1965,6.6
LKG,2019,6.9
"Love, Ludlow",2005,6.6
Doraemon: Nobita no Taiyô'ô densetsu,2000,7.1
Angry Indian Goddesses,2015,7.0
Freezerburn,2005,6.7
Bodyguard,2010,6.8
Azaad,1978,7.2
Hyderabad Blues,1998,7.2
Girgit,2018,8.5
Jessu Jordaar,2021,8.6
Electric Apricot,2006,6.8
Dubai Seenu,2007,6.6
Aurat,1967,7.5
Sreedharante Onnam Thirumurivu,1987,6.8
Time Pass,2014,7.6
Evadi Gola Vadide,2005,6.6
Adla Badli,2008,7.6
Fera Feri Hera Feri,2018,7.4
Annayya,2000,6.6
Sriman Bhootnath,1997,7.0
The Last Big Thing,1996,6.7
Kissise Na Kehna,1983,7.3
Michael Madana Kama Rajan,1990,8.5
Dil Tera Diwana,1962,7.1
Jhuk Gaya Aasman,1968,6.8
Mr. Reliable,1996,6.6
"Tattoo, a Love Story",2002,6.7
Yaari Dosti,2016,6.7
Friends,1999,7.6
"Sex, Drugs, Rock & Roll",1991,7.0
Bathing Franky,2012,6.8
Biwi-O-Biwi,1981,7.0
Mutant Aliens,2001,6.7
Hitler,1996,7.4
Ktown Cowboys,2015,6.6
In Custody,1994,7.1
Teko,2019,7.6
Arindhum Ariyamalum,2005,7.2
Ann Mariya Kalippilanu,2016,7.2
Niram,1999,7.1
Sunday Holiday,2017,7.2
Short Circuit,2019,7.4
Kalavani,2010,7.1
Namma Basava,2005,8.5
Hello Brother,1994,7.3
Joan Rivers: A Piece of Work,2010,7.4
Apne Paraye,1980,6.9
Why Shoot the Teacher?,1977,6.9
Valu,2008,7.5
Shubh Aarambh,2017,6.9
Mayavi,2007,6.8
Maldeamores,2007,7.0
I'm Not Like That No More,2010,6.7
Himalay Ki Godmein,1965,7.0
Dramebaaj,2021,9.8
Priyatama,1978,6.8
Jamba Lakidi Pamba,1993,8.3
Dastaan,1972,6.9
Dr. Pasupathy,1990,6.8
Ronde Sare Vyah Picho,2013,6.9
Googly,2019,7.2
Sajan,1969,7.2
Tokyo Pop,1988,6.6
Singh vs. Kaur,2013,6.7
EkDe Ek,2021,8.4
Romans,2013,6.6
Wondrous Oblivion,2003,7.1
Yamagola,1977,6.7
Pretham Undu Sookshikkuka,2017,6.9
Karkhanisanchi Waari: Ashes on a road trip,2021,6.9
Projapoti Biskut,2017,6.6
Peruvannapurathe Visheshangal,1989,7.2
El mayor regalo,2018,7.7
Raghu Romeo,2003,6.9
Kalyanam,2018,6.7
The Animation Show,2003,7.5
Thalavattam,1986,7.9
Lakhon Me Ek,1971,7.0
5 Rifles,1974,6.6
Crazy Uncles,2021,9.5
Nandanam,2002,7.3
Wrong No.,2015,6.6
Bananas in Pyjamas: The Movie,2008,6.6
Hello Dubaikkaran,2017,7.8
Dil Hi To Hai,1963,7.1
Khabardaar,2005,7.0
Gopi,1970,7.0
Sakala Kalasala,2019,6.8
Arunachalam,1999,7.4
Three Wise Cousins,2016,6.9
Photo-Prem,2021,7.3
Nau Do Gyarah,1957,6.9
Chronic Bachelor,2003,6.6
Chori Mera Kaam,1975,7.0
Morirse en domingo,2006,6.9
First Rank Raju,2015,7.8
Kunwara Baap,1974,7.1
Columbus,2015,6.6
Personal Assistant,1959,8.4
Gulal.com,2021,8.7
Volere volare,1991,6.8
Jagriti,1955,7.0
Thommanum Makkalum,2005,6.6
Akkare Akkare Akkare,1990,7.7
Ka Kha Ga Gha,2018,8.1
Vadakkunokkiyantram,1989,8.3
Unni Ikki,2019,6.6
Sequoia,1934,6.8
Lion,2006,6.7
Sangharsh,2018,6.9
Finding Fatimah,2017,6.6
Waisa Bhi Hota Hai Part II,2003,7.3
Chiru Navvuto,2000,7.2
Savarakathi,2018,7.1
Seres queridos,2004,6.9
Oru Pakka Kathai,2020,7.0
Brindavanam,1992,7.3
The Strip,2009,7.2
More Than Frybread,2011,6.8
Yaamirukka Bayamey,2014,7.1
Ramudu Bheemudu,1964,7.7
Sri Bharatha Baahubali,2020,7.6
Raye makhfi,2001,6.7
Eu Tu Eles,2000,7.0
Mukunda Murari,2016,7.4
What's Love Got to Do with It?,2013,7.4
Adda,2019,6.7
Gharana Mogudu,1992,7.4
Summer in Bethlehem,1998,7.8
Highway Ek Selfie Aarpar,2015,7.7
GujjuBhai: Most Wanted,2018,7.4
Cycle,2021,9.0
Two Men Went to War,2002,6.7
Muskurahat,1992,7.0
Veera,1994,6.7
Chanthupottu,2005,6.6
Zhalla Bobhata,2017,8.5
Sanai Choughade,2008,6.8
Yamudiki Mogudu,1988,7.4
Tula Shikwin Changlach Dhada,2007,6.6
Sharey Chuattar,1953,8.2
Tamiluku En Ondrai Aluthavum,2015,7.0
Kay Dyache Bola,2005,7.0
De Mai tính,2010,6.6
Goat on Fire and Smiling Fish,1999,7.5
Boyz 2,2018,6.9
Paul Williams: Still Alive,2011,6.9
Singaaravelan,1992,7.2
A Session with the Committee,1969,6.9
Vellaiya Irukiravan Poi Solla Maatan,2015,6.9
Vietnam Colony,1992,7.8
Vandanam,1989,7.9
Appathava Aattaya Pottutanga,2021,6.8
Jeeja Sali,1985,7.0
No. 2,2006,6.6
Love Me,2017,6.6
Lalbaugchi Rani,2016,7.9
Vekh Baraatan Challiyan,2017,7.1
Ananthu V/S Nusrath,2018,8.6
Harikrishnans,1998,6.9
Manassinakkare,2003,7.4
Sri Kanaka Mahalakshmi Recording Dance Troupe,1987,7.7
Someone Else's America,1995,7.0
Thalayanamanthram,1990,7.6
Loins of Punjab Presents,2007,7.0
Narbachi Wadi,2013,7.6
Jau Tithe Khau,2007,7.4
The Sound and the Shadow,2014,7.8
Damaad,1978,7.1
Mata,2006,8.2
Money,1993,7.1
Premier Padmini,2019,8.3
Just U & Me,2013,7.7
Yamaleela,1994,7.5
Ek Se Badhkar Ek,1976,7.0
Jatra: Hyalagaad Re Tyalagaad,2005,6.9
Monster in a Box,1992,7.4
Forever Fever,1998,6.8
Missamma,1955,8.6
Puthukkottayile Puthumanavalan,1995,6.9
Yeh Suhaagraat Impossible,2019,8.7
Dayavittu Gamanisi,2017,8.0
Galpa Holeo Satyi,1966,8.5
"Pahili Sher, Dusri Savvasher, Navara Pavsher",2006,7.0
Life Mein Time Nahi Hai Kisi Ko,2019,7.4
Ennodu Para I Love You Ennu,2019,7.5
Pheka Pheki,1989,7.3
Darnell Dawkins: Mouth Guitar Legend,2010,7.0
Chousar Firangi,2019,7.0
Koli Taal,2021,8.6
Swapnarajyam,2019,7.5
Drew Lynch: Did I Stutter,2017,8.2
Vellanakalude Naadu,1988,7.7
Munthiri Monchan,2019,7.8
Malootty,1992,7.1
Thomas est amoureux,2000,7.1
Midnights with Menka,2018,8.5
J-Men Forever,1979,7.1
Sanmanassullavarkku Samadhanam,1986,7.9
Chala Murari Hero Banne,1977,7.0
Assisted Living,2003,6.6
Matichya Chuli,2006,6.9
Chantabbai,1986,8.2
127 B,2017,7.1
Ek Phool Char Kante,1960,6.9
Unitards,2010,7.0
Pauline & Paulette,2001,6.9
Varnyathil Aashanka,2017,6.7
Jackie,2010,7.3
Andheri Raat Mein Diya Tere Haath Mein,1986,7.2
Akkare,1984,7.5
Aayushkalam,1992,6.9
Athaku Yamudu Ammayiki Mogudu,1989,7.1
College Kumar,2017,7.3
Jack & Dil,2018,7.4
Junior Mandrake,1997,7.0
Foot Path,1953,7.6
0-41*,2016,8.8
Local Kung Fu 2,2017,8.2
SBK: The Movie,2014,7.3
Indrudu Chandrudu,1989,7.1
Smiley Gets a Gun,1958,6.8
Boeing Boeing,1985,7.3
Chalbaaz,2018,7.2
Ivan Yarendru Therikiratha,2017,7.9
Be Dune Saade Chaar,2009,7.0
Pappa Tamne Nahi Samjaay,2017,6.7
Stiffs,2010,6.7
Hit and Runway,1999,6.6
Motu Patlu: King of Kings,2016,6.8
Sathyam Mathrame Bodhippikkoo,2022,7.3
Dhadakebaaz,1990,7.4
Bavagaru Bagunnara?,1998,7.1
Aa Okkati Adakku,1993,7.8
Lapandav,1993,8.4
Mannar Mathai Speaking,1995,7.9
Ponmuttayidunna Tharavu,1988,8.1
Barayan,2018,8.4
Babí léto,2001,7.5
Starring Adam West,2013,7.2
Road to Flin Flon,2000,6.9
Sur Sapata,2019,7.3
Style King,2016,6.9
The Dog Wedding,2015,7.6
Sadhu Aur Shaitaan,1968,6.7
Sabse Bada Rupaiya,1976,6.8
Money Money,1995,6.8
Bindass,2008,7.3
Bakula Namdev Ghotale,2007,6.6
Ayal Kadha Ezhuthukayanu,1998,7.0
Paws P.I.,2018,6.6
Looose Control,2018,8.2
Vishnuvardhana,2011,7.3
Chakk De Phatte,2008,6.7
Man-Mauji,1962,7.1
Mazhavil Kavadi,1989,7.2
Nazrana,1961,7.0
Nirnayam,1991,6.9
Road to the Open,2014,6.6
Nastik,1954,6.7
Dead Cool,2004,6.8
Appa Ani Bappa,2019,7.5
Un Samayal Arayil,2014,6.9
Gabhricha Paus,2009,7.4
KISS: Keep It Simple Stupid,2013,6.8
Chinthavishtayaya Shyamala,1998,8.0
Coping,2000,7.1
Girmit,2019,7.7
The Village Barbershop,2008,6.9
Savaal,1981,6.6
Nagarangalil Chennu Raparkam,1990,7.1
Kottayam Kunjachan,1990,7.4
Praktan,2016,7.7
Ek Gadi Baaki Anadi,1988,8.0
Chalo Let's Go,2008,7.3
Krishnagudiyil Oru Pranayakalathu,1997,6.8
New Delhi,1956,7.3
Sreekrishnapurathe Nakshathrathilakkam,1998,7.0
Poochakkoru Mookkuthi,1984,6.8
Aakasha Mittayee,2017,7.0
Kissaa Kursee Kaa,1978,7.2
Il racconto della giungla,1974,7.2
Mookkillarajyathu,1991,7.5
Up Against the 8 Ball,2004,7.1
Manchali,1973,6.6
Pellam Oorelithe,2003,6.9
Priyatel pokoynika,1997,6.8
Unmade Beds,1997,6.7
Raja Vikramarka,1990,6.7
"English, August",1994,6.9
Chillicothe,1999,6.6
Fauji Ki Family-2,2013,8.8
Varavelpu,1989,8.1
10:10,2008,7.9
Meet Me in Miami,2005,7.2
Hanuman Junction,2001,6.9
Love Ke Funday,2016,7.4
Old Is Gold,2019,7.1
Ciao America,2002,7.4
Fauji Ki Family,2011,8.5
Ek Unad Divas,2006,8.6
Kalikkalam,1990,7.1
Nuvvila,2011,6.7
Reunion,2006,7.2
Ondu Ghanteya Kathe,2021,7.5
Shankar Guru,1978,8.6
No: 20 Madras Mail,1990,7.7
Mumbai Xpress,2005,6.7
Chandralekha,1998,6.6
Oru Modhal Oru Kadhal,2014,7.7
Maleyali Jotheyali,2009,7.2
Chitram Bhalare Vichitram,1992,6.9
Ishtam,2001,6.9
Pehli Jhalak,1955,6.7
Rama Shama Bhama,2005,7.8
Rowdy Alludu,1991,7.0
Aye Auto,1990,7.1
Cane Toads: The Conquest,2010,7.0
Just Like Us,2010,7.1
Halli Mestru,1992,7.1
Chitthi,2018,7.8
Pelli Pustakam,1991,7.6
Hutututu: Aavi Ramat Ni Rutu,2016,7.3
Muthyala Muggu,1975,7.6
Golmaal Govindam,1992,7.4
Santitos,1999,6.7
The President Is Coming,2009,6.8
Ups & Downs,1983,7.2
Achuvinte Amma,2005,6.9
Chor Bani Thangaat Kare,2017,8.1
Sankashta Kara Ganapathi,2018,6.7
Haapus,2010,7.0
Typecaste,2017,7.1
English ki taay taay fisss,2020,6.6
2 Ekre,2020,7.0
Daav Thai Gayo Yaar,2016,6.8
Carol Channing: Larger Than Life,2012,7.5
Pestonjee,1988,7.1
Ram Bharose,1977,6.6
Sarvakalasala,1987,7.2
Dil-Ki-Rani (Sweet-Heart),1947,7.5
Abbaigaru,1993,7.1
Lakhon Ki Baat,1984,6.8
Jhiata Bigidigala,2016,8.0
Dany,2002,7.3
Cape of Good Hope,2004,6.7
Ente Sooryaputhrikku,1991,6.6
Wassup! Zindagi,2017,8.5
Peddarikam,1992,7.1
Reunion 108,2013,7.6
Follow the Bitch,1996,7.5
Pyari Behna,1985,7.0
Three Atrangi Jai-Veeru-Gabbar,2015,6.7
The Guardians,2010,7.2
Ballavpur Ki Roopkatha,2017,8.4
Sriman Surdas,2018,6.6
Pela Adhi Akshar,2017,7.9
Anaganaga Oka Roju,1997,7.0
Dekh Kabira Roya,1957,7.7
Avunu Valliddaru Ishtapaddaru,2002,6.7
Dus Tola,2010,7.0
Raja Manthiri,2016,7.3
Siddhartha,2015,6.8
Horem pádem,2004,6.9
Liars Club,2001,6.6
Chick Magnets,2012,7.0
Baksa Badal,1970,7.3
Do Dooni Char,1968,7.3
Los gauchos judíos,1975,6.8
Kadke Kamal Ke,2019,6.9
Desperate Endeavors,2012,7.0
Nasbandi,1978,6.9
Pelli Chesi Choodu,1952,8.6
Umakant Pandey Purush Ya,2019,7.4
Bhagyada Lakshmi Baramma,1986,8.2
April 1 Vidudala,1991,7.7
Ayalathe Addeham,1992,6.9
Tuu to Gayo,2016,7.2
Jhakaas!,2018,7.2
Ulta,2019,6.6
Pookkalam Varavayi,1991,7.2
Main Hoon Rajinikanth,2015,7.4
Love Lagan Ne Locha,2017,7.2
Blue Jean Blues,2018,8.1
Shrink Rap,2003,7.1
Do Phool,1974,6.9
Sasneham,1990,7.3
Manthrigari Viyyankudu,1983,7.4
Aapne to dhirubhai,2014,7.5
Ghayaal,1993,7.9
The Hungry Bachelors Club,1999,6.6
Paper Cut,2004,7.4
Pilata Bigidigala,2015,7.8
Tenali Raman,1956,7.2
Pagleaazam,2020,6.9
Paavam Paavam Rajakumaran,1990,7.2
Firefall: An Epic Family Adventure,2012,7.4
Baal Ki Khaal,2019,7.5
Chidi Balla,2018,7.0
Ishq Ka Manjan,2017,6.8
Goopi Gawaiya Bagha Bajaiya,2013,7.5
Bawali Unlimited,2012,6.6
"Jails, Hospitals & Hip-Hop",2000,7.8
Raam,2009,6.7
Mr. Pellam,1993,7.3
Bhalobasa Bhalobasa,2008,7.0
Donga Mogudu,1987,7.3
Iddaru Pellala Muddula Police,1991,6.7
Baki Mathi Badbaki,2021,8.9
Chandralekha,2014,6.7
Aadyathe Kanmani,1995,6.6
Aniyan Bava Chetan Bava,1995,6.8
Kande,2018,6.6
Subhakankshalu,1998,7.3
Peechaankai,2017,6.8
The Real Ghost Hunters,2018,8.3
Jayammu Nischayammu Raa!,1990,6.7
Number One,1994,7.0
Free Trip to Egypt,2019,7.5
Appula Appa Rao,1991,7.3
Sister Mary's Angel,2011,7.8
Thamizh Padam,2010,7.3
Bama Vijayam,1967,7.3
Hanshi Khushi Club,2009,7.0
Mayabazaar,2006,6.8
Panneer Pushpangal,1981,7.4
"CID Unnikrishnan B.A., B.Ed.",1994,6.8
Budtameez,1966,7.4
Tenali Ramakrishna,1956,8.0
The Lutefisk Wars,2011,7.5
Bor Asbe Ekhuni,2008,7.7
Karma Cartel,2014,6.8
Grand View Blvd.,2017,8.0
Huan le long hu bang,1986,6.8
Edurinti Mogudu Pakkinti Pellam,1991,7.6
The Job,2014,7.9
Superman,1997,6.7
Babloo Happy Hai,2014,6.8
Thennilavu,1961,7.4
Joe's Rotten World,1995,7.4
Ashi Fasli Nanachi Tang,2011,8.0
Simpallag Innondh Love Story,2016,7.5
Chaddi Dosth,2013,7.5
Koti,2015,8.8
Simla Special,1982,6.8
Muslimah's Guide to Marriage,2018,8.5
Superstar in a Housedress,2004,7.5
Hari Om,2004,6.6
Vivaha Bhojanambu,1988,7.4
Oorai Therunjukitten,1988,7.3
Lateef to laden,2018,7.6
Campus Radio,2011,7.8
Operation Diamond Racket,1978,7.4
Ish Gup Chup,1993,7.0
Odu Raja Odu,2018,6.9
Bhama Vijayam,1967,7.2
A Mother's Love,2011,6.6
The Himalayan Diaries,2019,8.9
Bisile,2010,6.8
Wish You Happy Breakup,2016,7.5
Nasheebachi Aishi Taishi,2009,7.1
Dil Deewana,2014,7.3
Bhanwarey,2017,6.9
Vinayakudu,2008,7.2
Velli Vizha,1972,7.1
Bamma Maata Bangaru Baata,1990,7.1
Chinnodu Peddodu,1988,6.8
Kolangal,1981,8.0
Sleepy Heads,1997,6.6
Havana Rose,1951,6.8
Summer Camp,2018,8.0
Nakkama,2019,8.3
Sanngto Aika - Hear Me Out,2014,7.7
Extra Pen,2021,8.5
Kerala Nattilam Pengaludane,2014,6.8
Hochheta Ki?,2008,6.9
420,1992,7.2
Baap Re Baap,2019,8.0
Show,2002,7.1
Naan Avanillai,1974,7.2
Reunion: Chalo Pachha Maliye,2017,8.3
Kudla Cafe,2016,6.8
Mayalodu,1993,7.0
Aaya Vada Sutta Kathai,2015,7.2
"Which Way, Por Favor?",1999,7.3
Hudugaata,2007,7.0
Mogudu Pellalu,1985,6.9
Aama Bhitare Kichhi Achhi,2010,6.9
Kalyanam Panniyum Brahmachari,1954,6.6
Aaya sawant jhoom ke,2010,7.8
Appu Chesi Pappu Koodu,1959,7.0
Aai No 1,2005,7.4
Appunni,1984,7.0
Fakebook Dhamaal,2019,6.7
Chemparathy,1972,7.3
Prema Geema Jane Do,2016,7.9
Square Root of Zero,1963,7.7
Idhem Dheyyam,2017,7.2
Choopulu Kalasina Subhavela,1988,7.6
Dil Hogyaa Laaptaa,2021,8.5
Cholai,2016,7.5
Brahmachari Mogudu,1993,6.6
Sangham,1988,6.7
Bastard Son of a Thousand Fathers,2016,6.9
Ullasa Uthsaha,2010,6.6
Approach to Love II,2016,6.9
Chicks 101,2004,7.0
Zakaas,2011,7.0
Sri Sri Sri Maryada Ramanna,1967,7.5
Jebu Donga,1987,7.2
Karyam Nissaram,1983,7.2
Ronny Camaro and Seven Angry Women,2003,8.0
Boy,2019,7.4
Krishnatulasi,2018,7.7
In Search of the American Dream,2012,6.9
Hosa Prem,2018,7.5
Controlled Chaos,2003,7.2
Rajendrudru Gajendrudru,1993,7.2
Chandini I Miss You,2011,6.6
Freakens,2019,7.0
Naalai Mudhal Kudikka Matten,2016,8.4
Pizza: The Movie,2004,7.0
Maanasaandarapetta Yezdi,2016,6.6
Lad Gaya Pecha,2010,6.8
Jawani Zindabaad,2010,7.6
Tenali Ramakrishna,1956,7.5
Maal Road Dilli,2018,7.4
Le Lotta,2017,7.3
Extra Ordinary Barry,2008,7.1
Rang Milanti,2011,6.9
Masth Majaa Maadi,2008,7.4
Intlo Ramayya Veedilo Krishnayya,1982,7.7
Patnam Vachchina Pativrathalu,1982,7.4
Bhale Jodi,2016,6.6
Ograblenie po-kazakh$ki,2014,8.4
Vaddante Dabbu,1954,7.2
Buddy Goes to Nollywood,2018,8.9
Hlídac,1970,7.5
The Adventures of Fujiwara Manchester Movie,2018,8.3
Poached,2015,7.0
Kaarmoda Saridu,2019,7.2
200 Minutes of Something I Haven't Felt,2017,8.0
Bhale Mogudu,1987,7.1
Inspector Vikram,1989,7.3
Toh Lagi Sharat,2018,8.0
Autograph Please,2006,7.6
Pelli Naati Pramanalu,1958,6.7
Navarathri,1966,7.5
Penki Pellam,1956,7.2
Madhubaanakadai,2012,7.6
Murali Krishnudu,1988,7.7
Dead Morning,2016,7.8
Chellata,2006,6.9
Milta Hai Chance by Chance,2011,7.4
Preminchi Choodu,1965,7.8
Chatur Navra Chikni Baiko,2004,6.7
