Nightmare Alley,2021,7.2
Death on the Nile,2022,6.6
The Tinder Swindler,2022,7.3
House of Gucci,2021,6.7
West Side Story,2021,7.8
Nobody,2021,7.4
The Dark Knight,2008,9.0
The Wolf of Wall Street,2013,8.2
The Godfather,1972,9.2
The Unforgivable,2021,7.2
Kingsman: The Golden Circle,2017,6.7
Pulp Fiction,1994,8.9
The Gentlemen,2019,7.8
Knives Out,2019,7.9
Joker,2019,8.4
Prisoners,2013,8.1
Cruella,2021,7.4
Wrath of Man,2021,7.1
Death on the Nile,1978,7.3
Pushpa: The Rise - Part 1,2021,7.9
Promising Young Woman,2020,7.5
12 Angry Men,1957,9.0
Batman Begins,2005,8.2
Wind River,2017,7.7
American Psycho,2000,7.6
The Dark Knight Rises,2012,8.4
Léon,1994,8.5
Baby Driver,2017,7.6
Se7en,1995,8.6
Goodfellas,1990,8.7
The Silence of the Lambs,1991,8.6
The Devil All the Time,2020,7.1
The Other Guys,2010,6.7
Uncut Gems,2019,7.4
Taxi Driver,1976,8.2
The Grand Budapest Hotel,2014,8.1
Heat,1995,8.2
Jai Bhim,2021,9.3
The Departed,2006,8.5
No Country for Old Men,2007,8.1
Hell or High Water,2016,7.6
The Green Mile,1999,8.6
West Side Story,1961,7.5
A Time to Kill,1996,7.5
The Outsiders,1983,7.1
Despicable Me,2010,7.6
The Usual Suspects,1995,8.5
The Irishman,2019,7.8
The Girl with the Dragon Tattoo,2011,7.8
Sicario,2015,7.6
3:10 to Yuma,2007,7.7
The Town,2010,7.5
John Wick,2014,7.4
Ambulance,2022,9.3
The Godfather: Part II,1974,9.0
The Big Lebowski,1998,8.1
The Hateful Eight,2015,7.8
The Equalizer,2014,7.2
Snatch,2000,8.2
Scarface,1983,8.3
Catch Me If You Can,2002,8.1
Good Time,2017,7.4
"Three Billboards Outside Ebbing, Missouri",2017,8.1
Heathers,1988,7.2
Reservoir Dogs,1992,8.3
A Clockwork Orange,1971,8.3
The Fugitive,1993,7.8
The Turning Point,1952,6.8
Cidade de Deus,2002,8.6
Fargo,1996,8.1
True Romance,1993,7.9
Zootopia,2016,8.0
From Dusk Till Dawn,1996,7.2
Stillwater,2021,6.6
Monster,2003,7.3
Once Upon a Time in America,1984,8.3
21 Jump Street,2012,7.2
Legend,2015,6.9
Den of Thieves,2018,7.0
Con Air,1997,6.9
Despicable Me 2,2013,7.3
The Nice Guys,2016,7.4
Enola Holmes,2020,6.6
Point Break,1991,7.3
Kill Bill: Vol. 1,2003,8.1
Donnie Brasco,1997,7.7
War Dogs,2016,7.1
L.A. Confidential,1997,8.2
Sin City,2005,8.0
Casino,1995,8.2
Road to Perdition,2002,7.7
Carlito's Way,1993,7.9
Nightcrawler,2014,7.8
The Warriors,1979,7.6
Collateral,2004,7.5
My Cousin Vinny,1992,7.6
Zodiac,2007,7.7
Batman Returns,1992,7.0
Just Mercy,2019,7.6
We're the Millers,2013,7.0
Law Abiding Citizen,2009,7.4
The Hitman's Bodyguard,2017,6.9
Gangs of New York,2002,7.5
The Fast and the Furious,2001,6.8
Kick-Ass,2010,7.6
Ocean's Eleven,2001,7.7
The Italian Job,2003,7.0
American Hustle,2013,7.2
Irréversible,2002,7.4
RoboCop,1987,7.6
Cherry,2021,6.6
Horrible Bosses,2011,6.8
Spotlight,2015,8.1
Sleepers,1996,7.6
The Dry,2020,6.9
Black Rain,1989,6.7
Bullitt,1968,7.4
Man on Fire,2004,7.7
The Negotiator,1998,7.3
Training Day,2001,7.7
John Wick: Chapter 3 - Parabellum,2019,7.4
Murder on the Orient Express,1974,7.3
El Camino: A Breaking Bad Movie,2019,7.3
"Lock, Stock and Two Smoking Barrels",1998,8.2
Don't Breathe,2016,7.1
Inside Man,2006,7.6
Deja Vu,2006,7.1
Taken,2008,7.8
Salinui chueok,2003,8.1
Molly's Game,2017,7.4
American Gangster,2007,7.8
BlacKkKlansman,2018,7.5
Jackie Brown,1997,7.5
Crash,2004,7.7
Contratiempo,2016,8.1
Fantastic Mr. Fox,2009,7.9
In the Heat of the Night,1967,7.9
Mystic River,2003,7.9
Game Night,2018,6.9
Shot Caller,2017,7.3
The Godfather: Part III,1990,7.6
The Good Liar,2019,6.7
Beverly Hills Cop,1984,7.3
"Extremely Wicked, Shockingly Evil and Vile",2019,6.7
The Untouchables,1987,7.9
The Mask,1994,6.9
The House That Jack Built,2018,6.8
Bad Boys,1995,6.9
Now You See Me,2013,7.2
Point Blank,1967,7.3
John Wick: Chapter 2,2017,7.5
Papillon,2017,7.2
Bad Times at the El Royale,2018,7.1
A Simple Favor,2018,6.8
Inherent Vice,2014,6.7
Panic Room,2002,6.8
Hannibal,2001,6.8
Red Dragon,2002,7.2
The Talented Mr. Ripley,1999,7.4
Fracture,2007,7.2
Fast & Furious,2009,6.6
Blow,2001,7.6
Minority Report,2002,7.6
Silverado,1985,7.2
Logan Lucky,2017,7.0
Soylent Green,1973,7.1
Rush Hour,1998,7.0
The Outfit,2022,7.7
The Place Beyond the Pines,2012,7.3
Lawless,2012,7.3
Chicago,2002,7.2
Wanted,2008,6.7
Fast & Furious 7,2015,7.1
The Blues Brothers,1980,7.9
Focus,2015,6.6
The Equalizer 2,2018,6.7
Sicario: Day of the Soldado,2018,7.1
Kill Bill: Vol. 2,2004,8.0
Desperado,1995,7.2
Blue Velvet,1986,7.7
"O Brother, Where Art Thou?",2000,7.7
Boyz n the Hood,1991,7.8
Motherless Brooklyn,2019,6.8
Gone Baby Gone,2007,7.6
Furious 6,2013,7.0
Natural Born Killers,1994,7.3
The Heat,2013,6.6
The Mule,2018,7.0
Richard Jewell,2019,7.5
Face/Off,1997,7.2
Ang-ma-reul bo-at-da,2010,7.8
U.S. Marshals,1998,6.6
Dog Day Afternoon,1975,8.0
End of Watch,2012,7.6
Lethal Weapon,1987,7.6
RED,2010,7.0
Heavenly Creatures,1994,7.3
In Bruges,2008,7.9
Cape Fear,1991,7.3
Thelma & Louise,1991,7.5
Who Framed Roger Rabbit,1988,7.7
K.G.F: Chapter 1,2018,8.3
Falling Down,1993,7.6
The French Connection,1971,7.7
Lola rennt,1998,7.7
22 Jump Street,2014,7.0
Primal Fear,1996,7.7
House of Sand and Fog,2003,7.5
The Informer,2019,6.6
Fast Five,2011,7.3
Super Troopers,2001,7.1
Traffic,2000,7.6
Män som hatar kvinnor,2009,7.8
To Kill a Mockingbird,1962,8.2
The Fate of the Furious,2017,6.6
What Happened to Monday,2017,6.9
Widows,2018,6.8
This Is England,2006,7.7
2 Guns,2013,6.7
Dragged Across Concrete,2018,6.9
Perfume: The Story of a Murderer,2006,7.5
Dredd,2012,7.1
The Naked Gun: From the Files of Police Squad!,1988,7.6
Once Were Warriors,1994,7.9
Public Enemies,2009,7.0
Wild at Heart,1990,7.2
Risky Business,1983,6.8
Chung Hing sam lam,1994,8.1
Austin Powers: The Spy Who Shagged Me,1999,6.6
Sexy Beast,2000,7.3
Official Secrets,2019,7.3
Adventures in Babysitting,1987,6.9
Silver Streak,1976,6.9
Brawl in Cell Block 99,2017,7.2
Khiladi,2022,7.8
Dogville,2003,8.0
Serbuan maut,2011,7.6
RocknRolla,2008,7.3
The Judge,2014,7.4
Serpico,1973,7.7
Megamind,2010,7.3
Manhunter,1986,7.2
Wall Street,1987,7.4
Halloween,2018,6.6
Changeling,2008,7.7
Pineapple Express,2008,6.9
Menace II Society,1993,7.5
American Made,2017,7.2
Southpaw,2015,7.4
Captain Phillips,2013,7.8
The Sting,1973,8.3
The Highwaymen,2019,6.9
Smokin' Aces,2006,6.7
Layer Cake,2004,7.3
RED 2,2013,6.6
La haine,1995,8.1
Let Him Go,2020,6.7
Penyalin Cahaya,2021,6.9
Eastern Promises,2007,7.6
Pâfekuto burû,1997,8.0
Gangster Squad,2013,6.7
Bound by Honor,1993,8.0
Bound,1996,7.3
Bronson,2008,7.1
The Hate U Give,2018,7.5
The Lincoln Lawyer,2011,7.3
Ocean's Thirteen,2007,6.9
The Basketball Diaries,1995,7.3
Kiss the Girls,1997,6.6
A Bronx Tale,1993,7.8
Ronin,1998,7.3
Queen & Slim,2019,7.1
You Were Never Really Here,2017,6.8
Glengarry Glen Ross,1992,7.7
Butch Cassidy and the Sundance Kid,1969,8.0
The Assassination of Jesse James by the Coward Robert Ford,2007,7.5
The Next Three Days,2010,7.3
Blood Simple,1984,7.6
Mississippi Burning,1988,7.8
Burn After Reading,2008,7.0
Seven Psychopaths,2012,7.2
All the Money in the World,2017,6.8
Out of Sight,1998,7.0
La migliore offerta,2013,7.8
Akinjeon,2019,7.0
Freedom Writers,2007,7.6
Dirty Harry,1971,7.7
I See You,2019,6.8
I Don't Feel at Home in This World Anymore,2017,6.9
Raising Arizona,1987,7.3
Out of the Furnace,2013,6.8
In the Name of the Father,1993,8.1
The Transporter,2002,6.8
Tangerine,2015,7.1
Do lok tin si,1995,7.7
Elle,2016,7.1
No Way Out,1987,7.1
A History of Violence,2005,7.4
Side Effects,2013,7.1
The Long Goodbye,1973,7.6
Four Brothers,2005,6.8
Les frères Sisters,2018,6.9
Dressed to Kill,1980,7.1
Bad Boys II,2003,6.6
Kol,2020,7.1
Black Mass,2015,6.9
Papillon,1973,8.0
Going in Style,2017,6.6
Cool Hand Luke,1967,8.1
In the Line of Fire,1993,7.2
Lord of War,2005,7.6
The Thomas Crown Affair,1999,6.9
Chappie,2015,6.8
Disturbia,2007,6.8
Bolt,2008,6.8
Clear and Present Danger,1994,6.9
Home Alone 2: Lost in New York,1992,6.8
Gold,2016,6.7
Machete,2010,6.6
Swimming Pool,2003,6.7
Crank,2006,6.9
Snowden,2016,7.3
Átame!,1989,7.0
Kiss Kiss Bang Bang,2005,7.5
21,2008,6.8
Top Secret!,1984,7.2
Sardar Udham,2021,8.7
Funny Games,2007,6.6
Before the Devil Knows You're Dead,2007,7.3
The Report,2019,7.2
Body Double,1984,6.8
Lucky Number Slevin,2006,7.7
Den skyldige,2018,7.5
The Crying Game,1992,7.3
Garuda Gamana Vrishabha Vahana,2021,8.6
Hooligans,2005,7.4
Rush Hour 2,2001,6.6
48 Hrs.,1982,6.9
Bottle Rocket,1996,7.0
Bonnie and Clyde,1967,7.8
Alpha Dog,2006,6.9
Body Heat,1981,7.4
Absolute Power,1997,6.7
The King of Comedy,1982,7.8
To Die For,1995,6.8
A Call to Spy,2019,6.6
Witness for the Prosecution,1957,8.4
The Devil's Rejects,2005,6.8
The Last Boy Scout,1991,7.0
After Hours,1985,7.7
Bully,2001,6.9
Man on a Ledge,2012,6.6
Boys Don't Cry,1999,7.5
Fallen,1998,7.0
On the Waterfront,1954,8.1
Enter the Dragon,1973,7.7
Funny Games,1997,7.6
21 Grams,2003,7.6
Half Baked,1998,6.7
Get Shorty,1995,6.9
Evil Under the Sun,1982,7.1
Unthinkable,2010,7.1
Go,1999,7.2
State of Play,2009,7.1
The Rainmaker,1997,7.2
Payback,1999,7.1
Life,1999,6.8
Traitor,2008,7.0
Mr. Brooks,2007,7.3
The Book of Henry,2017,6.6
Dancer in the Dark,2000,8.0
Rounders,1998,7.3
Patriots Day,2016,7.4
The White Tiger,2021,7.1
Beast,2017,6.8
Paper Moon,1973,8.1
The Drop,2014,7.1
Kôkaku Kidôtai,1995,8.0
The Accused,1988,7.2
A Most Violent Year,2014,7.0
The Ghost Writer,2010,7.2
Strange Days,1995,7.2
Rashômon,1950,8.2
A Fish Called Wanda,1988,7.5
The Night of the Hunter,1955,8.0
Andhadhun,2018,8.2
Veronica Mars,2014,6.8
American Animals,2018,7.0
Mean Streets,1973,7.2
Michael Clayton,2007,7.2
The Long Kiss Goodnight,1996,6.8
Don't Be a Menace to South Central While Drinking Your Juice in the Hood,1996,6.6
Filth,2013,7.1
The Bone Collector,1999,6.7
Cop Land,1997,6.9
Midnight Express,1978,7.6
In the Bedroom,2001,7.4
The Guard,2011,7.3
Bernie,2011,6.8
Skin,2018,6.9
Phone Booth,2002,7.0
"Batman: The Long Halloween, Part One",2021,7.3
Serbuan maut 2: Berandal,2014,8.0
7 Prisioneiros,2021,7.1
Capote,2005,7.3
Notes on a Scandal,2006,7.4
Madeo,2009,7.8
Straw Dogs,1971,7.5
Antim: The Final Truth,2021,7.0
Frailty,2001,7.2
Juice,1992,7.1
The Call,2013,6.7
The Life of David Gale,2003,7.5
Spun,2002,6.8
The Pelican Brief,1993,6.6
King of New York,1990,7.0
Gangs of Wasseypur,2012,8.2
Lethal Weapon 2,1989,7.2
Blue Ruin,2013,7.1
The Player,1992,7.5
Streets of Fire,1984,6.7
Backdraft,1991,6.7
Kurup,2021,7.3
A Perfect World,1993,7.5
Trance,2013,6.9
Boiler Room,2000,7.0
Ransom,1996,6.7
Grosse Pointe Blank,1997,7.3
Dial M for Murder,1954,8.2
Ferry,2021,7.0
Sydney,1996,7.2
Escape from Alcatraz,1979,7.6
The Whole Nine Yards,2000,6.7
American Murder: The Family Next Door,2020,7.2
Les quatre cents coups,1959,8.1
Brick,2005,7.2
Z,1969,8.2
Fruitvale Station,2013,7.5
Run All Night,2015,6.6
I Love You Phillip Morris,2009,6.6
Inside Job,2010,8.2
The Italian Job,1969,7.3
Haseen Dillruba,2021,6.9
Manbiki kazoku,2018,7.9
The Business,2005,6.7
Sneakers,1992,7.1
Rope,1948,8.0
The Naked Gun 2½: The Smell of Fear,1991,6.9
An American Crime,2007,7.3
American Sicario,2021,6.7
Elephant,2003,7.2
U Turn,1997,6.7
Peter Rabbit,2018,6.6
John Q,2002,7.1
Casualties of War,1989,7.1
Delicatessen,1991,7.6
Flickan som lekte med elden,2009,7.2
Dirty Rotten Scoundrels,1988,7.4
Kraftidioten,2014,7.2
Street Kings,2008,6.8
À bout de souffle,1960,7.8
Romper Stomper,1992,6.8
El mariachi,1992,6.9
Animal Kingdom,2010,7.3
'71,2014,7.2
Marathon Man,1976,7.4
Death Wish,1974,7.0
The Mechanic,2011,6.6
The Score,2001,6.8
Stir Crazy,1980,6.8
Following,1998,7.5
Spy Game,2001,7.1
La mala educación,2004,7.4
Dead Again,1991,6.9
22 July,2018,6.8
Matchstick Men,2003,7.3
The Pledge,2001,6.8
Ajeossi,2010,7.8
Bad Lieutenant,1992,7.1
Midnight Run,1988,7.5
The Iceman,2012,6.8
Phenomena,1985,6.8
Fletch,1985,6.9
Dope,2015,7.2
Chinjeolhan geumjassi,2005,7.6
Edge of Darkness,2010,6.6
Rise of the Footsoldier,2007,6.8
Bugsy,1991,6.8
Big Eyes,2014,7.0
Lethal Weapon 4,1998,6.6
The Client,1994,6.8
Loving Vincent,2017,7.8
A Scanner Darkly,2006,7.1
Frequency,2000,7.3
A Simple Plan,1998,7.5
Who Am I - Kein System ist sicher,2014,7.5
Detroit,2017,7.3
Dead Man Walking,1995,7.5
Avengement,2019,6.6
The Old Man & the Gun,2018,6.7
Drishyam 2,2021,8.6
Confessions of a Dangerous Mind,2002,7.0
Blood and Bone,2009,6.7
Four Lions,2010,7.3
Rumble Fish,1983,7.2
Lethal Weapon 3,1992,6.7
Blow Out,1981,7.4
Harsh Times,2005,6.9
Get Carter,1971,7.4
Strangers on a Train,1951,8.0
CBGB,2013,6.6
Vanishing Point,1971,7.2
Midnight in the Garden of Good and Evil,1997,6.6
The Man Who Wasn't There,2001,7.5
Set It Off,1996,6.9
Seul contre tous,1998,7.4
The Imposter,2012,7.5
Nagwonui bam,2020,6.8
Todos lo saben,2018,6.9
Running Scared,2006,7.3
A Most Wanted Man,2014,6.8
Gräns,2018,7.0
New Jack City,1991,6.7
Blindspotting,2018,7.4
Hodejegerne,2011,7.5
Ratsasan,2018,8.4
Derailed,2005,6.6
The Loved Ones,2009,6.6
Aus dem Nichts,2017,7.1
Gorky Park,1983,6.8
The Infiltrator,2016,7.0
River's Edge,1986,7.0
Breakdown,1997,7.0
Bad Santa,2003,7.0
Henry: Portrait of a Serial Killer,1986,7.0
Ong-bak,2003,7.2
Marshall,2017,7.3
Dhamaka,2021,7.4
Dead Presidents,1995,6.9
Devil in a Blue Dress,1995,6.7
The Last Seduction,1994,7.1
The Long Riders,1980,7.0
Boksuneun naui geot,2002,7.6
Mou gaan dou,2002,8.0
Sudden Impact,1983,6.6
Cowboy Bebop: Tengoku no tobira,2001,7.9
Chopper,2000,7.2
Something Wild,1986,6.9
Plein soleil,1960,7.8
"Batman: The Long Halloween, Part Two",2021,7.2
Shallow Grave,1994,7.3
A Prayer Before Dawn,2017,6.9
Ocean's Eleven,1960,6.6
Scoop,2006,6.6
"See No Evil, Hear No Evil",1989,6.9
Can You Ever Forgive Me?,2018,7.1
Fanboys,2009,6.6
Klute,1971,7.2
Bugsy Malone,1976,6.9
Flawless,2007,6.7
Touch of Evil,1958,8.0
Analyze This,1999,6.7
Vantage Point,2008,6.6
The Bad Lieutenant: Port of Call - New Orleans,2009,6.6
Leviafan,2014,7.6
Drugstore Cowboy,1989,7.3
Bob Biswas,2021,6.8
The Day of the Jackal,1973,7.8
Koroshiya 1,2001,7.0
Assault on Precinct 13,1976,7.4
Brubaker,1980,7.2
Pusher,1996,7.4
Kalifornia,1993,6.7
Batman: Mask of the Phantasm,1993,7.8
Runaway Jury,2003,7.1
Les misérables,2019,7.6
Notorious,2009,6.7
Un prophète,2009,7.9
Ging chaat goo si,1985,7.6
Thoroughbreds,2017,6.7
Dolores Claiborne,1995,7.4
Felon,2008,7.4
Joe,2013,6.9
Black Sunday,1977,6.8
Bin-jip,2004,8.0
Freeway,1996,6.8
Arlington Road,1999,7.2
The Art of Self-Defense,2019,6.6
Meng long guo jiang,1972,7.3
Appaloosa,2008,6.7
Luftslottet som sprängdes,2009,7.3
Summer of Sam,1999,6.7
Death Sentence,2007,6.7
Guys and Dolls,1955,7.2
Ghost Dog: The Way of the Samurai,1999,7.5
Taxi,1998,7.0
The First Great Train Robbery,1978,6.9
Marnie,1964,7.1
Kill the Irishman,2011,7.1
We Own the Night,2007,6.8
Coffy,1973,6.8
Ruthless People,1986,6.9
No Way Out,1950,7.4
Trumbo,2015,7.5
Frantic,1988,6.9
Sea of Love,1989,6.8
The East,2013,6.8
Shaft,1971,6.6
Mean Creek,2004,7.2
Aknyeo,2017,6.7
Kiss of the Dragon,2001,6.6
Hustle & Flow,2005,7.3
Banlieue 13,2004,7.1
Small Town Crime,2017,6.6
Night Moves,1975,7.1
The Getaway,1972,7.4
Serial Mom,1994,6.8
Buffalo Soldiers,2001,6.8
Adams æbler,2005,7.8
Calm with Horses,2019,6.9
Vikram Vedha,2017,8.3
The Grifters,1990,6.9
Apt Pupil,1998,6.7
Drishyam,2015,8.2
Velle,2021,6.8
Machine Gun Preacher,2011,6.8
Tropa de Elite,2007,8.0
Sweet Country,2017,6.9
Lilja 4-ever,2002,7.8
Gridiron Gang,2006,6.9
Calvary,2014,7.4
The Salton Sea,2002,7.1
Ludo,2020,7.6
How to Steal a Million,1966,7.6
Light Sleeper,1992,6.9
Oliver Twist,2005,6.8
Mystery Team,2009,6.7
Celda 211,2009,7.6
Heaven Knows What,2014,6.8
Hung fan kui,1995,6.8
Irrational Man,2015,6.6
Above the Rim,1994,6.6
C'est arrivé près de chez vous,1992,7.5
Unleashed,2005,7.0
The Taking of Pelham One Two Three,1974,7.7
Kuai can che,1984,7.2
Shoot to Kill,1988,6.8
French Connection II,1975,6.8
Romeo Is Bleeding,1993,6.6
The Curse of the Jade Scorpion,2001,6.7
Badla,2019,7.8
Nothing to Lose,1997,6.7
Les Misérables,1998,7.4
Lat sau san taam,1992,7.8
Mona Lisa,1986,7.3
The Whistleblower,2010,7.1
Rush,1991,6.8
Monster,2018,6.6
Beavis and Butt-Head Do America,1996,6.8
Sin nombre,2009,7.6
Snabba cash,2010,6.7
El infierno,2010,7.7
Outland,1981,6.6
11:14,2003,7.2
Les rivières pourpres,2000,6.9
Drishyam,2013,8.3
Get the Gringo,2012,7.0
Hera Pheri,2000,8.2
Class of 1984,1982,6.6
Paid in Full,2002,7.1
Narc,2002,7.1
Doctor,2021,7.6
Trust,2010,6.9
Wonderland,2003,6.6
Targets,1968,7.4
The Brave One,2007,6.7
Tom yum goong,2005,7.1
Article 15,2019,8.2
Micmacs à tire-larigot,2009,7.2
Hoffa,1992,6.6
The Sugarland Express,1974,6.8
The Proposition,2005,7.3
Super Deluxe,2019,8.4
Breach,2007,7.0
"Crna macka, beli macor",1998,8.1
Der Baader Meinhof Komplex,2008,7.4
Kill the Messenger,2014,6.9
The Wild One,1953,6.8
Love in the Afternoon,1957,7.2
Pride and Glory,2008,6.6
The Brothers Bloom,2008,6.8
Rang De Basanti,2006,8.1
El robo del siglo,2020,7.2
Year of the Dragon,1985,6.9
La llorona,2019,6.6
Wild Target,2010,6.8
Harry Brown,2009,7.2
The Lookout,2007,7.0
American Me,1992,7.1
Things to Do in Denver When You're Dead,1995,6.8
Stakeout,1987,6.6
The Man Who Knew Too Little,1997,6.6
True Crime,1999,6.6
The Dissident,2020,7.9
Crossing Over,2009,6.7
Two Hands,1999,7.1
Deep Cover,1992,6.9
Raat Akeli Hai,2020,7.3
The Football Factory,2004,6.8
In the Valley of Elah,2007,7.1
The Disappearance of Alice Creed,2009,6.7
Butterfly on a Wheel,2007,6.7
Cold in July,2014,6.8
Dirty Pretty Things,2002,7.3
Fresh,1994,7.6
Die Fälscher,2007,7.6
"Hush...Hush, Sweet Charlotte",1964,7.6
L.I.E.,2001,7.1
8 femmes,2002,7.1
Transsiberian,2008,6.7
Bowling for Columbine,2002,7.9
Don,2006,7.2
Exit Through the Gift Shop,2010,8.0
Shattered,1991,6.6
The Deadly Affair,1967,6.8
Prizzi's Honor,1985,6.7
Tang shan da xiong,1971,7.0
Salinjaui gieokbeob,2017,7.2
Saving Grace,2000,6.9
The Way of the Gun,2000,6.7
Kaithi,2019,8.5
Reservation Road,2007,6.7
Thunderheart,1992,6.8
Auto Focus,2002,6.6
The Limey,1999,7.0
Nothing But the Truth,2008,7.2
Black Friday,2004,8.5
Il traditore,2019,7.1
Dip huet seung hung,1989,7.8
Don 2,2011,7.1
Gu ling jie shao nian sha ren shi jian,1991,8.4
Dhoom:2,2006,6.6
Trash,2014,7.2
Brooklyn's Finest,2009,6.7
Quick Change,1990,6.8
Opera,1987,7.0
Find Me Guilty,2006,7.0
God Bless America,2011,7.2
Eden,2012,6.6
Shiny_Flakes: The Teenage Drug Lord,2021,7.3
Bullets Over Broadway,1994,7.4
Thursday,1998,7.2
Middle Men,2009,6.8
Tickled,2016,7.5
Man on Wire,2008,7.7
Lucifer,2019,7.5
"Farewell, My Lovely",1975,7.1
Tesis,1996,7.4
Cocaine Cowboys,2006,7.8
San ging chaat goo si,2004,7.0
Section 375,2019,8.1
Lila dit ça,2004,6.9
Jigarthanda,2014,8.3
Kadaseela Biriyani,2021,7.6
Performance,1970,6.9
That Darn Cat!,1965,6.8
Homicide,1991,7.0
Soldier's Girl,2003,7.8
Conviction,2010,7.2
Gloria,1980,7.2
Fei ying gai wak,1991,7.3
Judgment Night,1993,6.6
The Three Burials of Melquiades Estrada,2005,7.4
Raees,2017,6.8
Ying hung boon sik,1986,7.5
Hwanghae,2010,7.3
Clockers,1995,6.9
Agent Sai Srinivasa Athreya,2019,8.4
Grand Canyon,1991,6.8
Trade,2007,7.3
Untold: Crime and Penalties,2021,7.5
The Dead Girl,2006,6.6
A Guide to Recognizing Your Saints,2006,7.0
Talvar,2015,8.2
Mom,2017,7.3
Batman: Gotham by Gaslight,2018,6.7
Female Trouble,1974,7.2
Gosnell: The Trial of America's Biggest Serial Killer,2018,6.7
Siu nin Wong Fei Hung chi: Tit ma lau,1993,7.5
Fruitcake Fraud,2021,7.1
Vada Chennai,2018,8.5
The Private Life of Sherlock Holmes,1970,7.1
Red Rock West,1993,7.0
Infamous,2006,7.0
Zatôichi,2003,7.5
A Wednesday,2008,8.1
Jason's Lyric,1994,6.6
Kidulthood,2006,6.8
Ging chaat goo si III: Chiu kup ging chaat,1992,6.9
Cloak & Dagger,1984,6.6
Wasabi,2001,6.7
Baby,2015,8.0
Ging chaat goo si 4: Gaan dan yam mo,1996,6.6
The Burning Plain,2008,6.8
Pink,2016,8.1
Defendor,2009,6.8
Cassandra's Dream,2007,6.7
Keeping Mum,2005,6.8
El día de la bestia,1995,7.4
Haider,2014,8.1
Talaash,2012,7.2
Dirty Mary Crazy Larry,1974,6.7
Cheong-nyeon-gyeong-chal,2017,7.3
The Silent Partner,1978,7.4
Suicide Kings,1997,6.9
Extreme Prejudice,1987,6.7
Nueve reinas,2000,7.9
Dead Men Don't Wear Plaid,1982,6.9
Gridlock'd,1997,6.9
The Air I Breathe,2007,6.8
Ripley's Game,2002,6.6
Jisatsu sâkuru,2001,6.6
Una película de policías,2021,7.1
Heaven,2002,7.0
The Conspirator,2010,6.9
Confidence,2003,6.7
Kind Hearts and Coronets,1949,8.0
Carandiru,2003,7.6
One False Move,1992,7.1
Baazigar,1993,7.7
Silence... Can You Hear It?,2021,6.7
The Mack,1973,6.7
The Great Muppet Caper,1981,7.2
Athlete A,2020,7.6
The Cove,2009,8.4
Better Luck Tomorrow,2002,7.0
Alan Partridge: Alpha Papa,2013,6.9
Where the Day Takes You,1992,6.6
Veronica Guerin,2003,6.9
Joji,2021,7.9
The Perfect Host,2010,6.8
Robot & Frank,2012,7.1
The Matador,2005,6.7
Dark Blue,2002,6.6
Operation Varsity Blues: The College Admissions Scandal,2021,7.0
Out in the Dark,2012,7.5
Maria Full of Grace,2004,7.4
Vera Drake,2004,7.6
Sonatine,1993,7.5
The Ref,1994,6.9
Delhi Belly,2011,7.6
Small Time Crooks,2000,6.7
Satya,1998,8.3
Udta Punjab,2016,7.8
Paranoid Park,2007,6.7
The Gambler,1974,7.2
Raman Raghav 2.0,2016,7.4
L'insulte,2017,7.7
Millions,2004,6.9
Badlapur,2015,7.4
Goldstone,2016,6.6
JCVD,2008,7.1
Tsotsi,2005,7.2
I Confess,1953,7.3
Big Nothing,2006,6.8
Evaru,2019,8.2
Operation Java,2021,8.2
Suspect,1987,6.6
South Central,1992,6.8
Lupin III: The First,2019,6.9
L'instinct de mort,2008,7.5
Zulu,2013,6.7
Sweet Sixteen,2002,7.4
Theeran Adhigaaram Ondru,2017,8.3
Tekkon kinkurîto,2006,7.6
Untold: Malice at the Palace,2021,7.5
Ugly,2013,8.0
Agneepath,2012,6.9
Eega,2012,7.8
Ging chaat goo si juk jaap,1988,7.1
They Live by Night,1948,7.5
Bleeder,1999,6.8
Highway,2014,7.6
Hey Ram,2000,8.0
Nay Varan Bhat Loncha Kon Nai Koncha,2022,8.5
The Last Supper,1995,6.8
Big Fan,2009,6.7
Lik wong,1991,7.1
Desperate Living,1977,7.1
Ernest et Célestine,2012,7.9
Ittefaq,2017,7.3
Trailer Park Boys: The Movie,2006,7.2
Neruda,2016,6.8
The General,1998,7.3
King Creole,1958,7.0
Check,2021,6.6
Untouchable,2019,6.8
Animal Factory,2000,6.6
Rundskop,2011,7.4
Raid,2018,7.4
Autoreiji,2010,6.8
Owning Mahowny,2003,7.1
Frozen River,2008,7.1
Take the Money and Run,1969,7.3
Hit,2020,7.7
Dhoom,2004,6.7
Swimming with Sharks,1994,7.1
L'ennemi public n°1,2008,7.5
The Square,2008,6.7
Salaam Bombay!,1988,8.0
Narrow Margin,1990,6.6
Krigen,2015,7.1
The Boys,1998,7.0
Nan fang che zhan de ju hui,2019,6.8
The Assignment,1997,6.9
Beterang,2015,7.0
Warui yatsu hodo yoku nemuru,1960,8.0
Jiang hu er nü,2018,7.0
Clay Pigeons,1998,6.6
Dou foh sin,2007,6.8
Dobermann,1997,6.6
Stone of Destiny,2008,6.8
Dheepan,2015,7.2
A Dark Foe,2020,6.6
Paan Singh Tomar,2012,8.2
Matando Cabos,2004,7.5
Kaabil,2017,7.1
Les invasions barbares,2003,7.6
The Mudge Boy,2003,7.1
Batman: Return of the Caped Crusaders,2016,6.8
Gokudô kyôfu dai-gekijô: Gozu,2003,7.0
Race,2008,6.7
Jallikattu,2019,7.5
Batla House,2019,7.2
Brother,2000,7.1
Intermission,2003,6.8
Omkara,2006,8.1
The Funeral,1996,6.6
La sirène du Mississipi,1969,7.0
"Crack: Cocaine, Corruption & Conspiracy",2021,6.7
Stander,2003,7.1
The Offence,1973,6.9
99,2009,7.3
Bacalaureat,2016,7.3
Crímenes de familia,2020,6.6
"Torrente, el brazo tonto de la ley",1998,6.8
Kontroll,2003,7.6
Mardaani,2014,7.3
Jung on zo,1993,6.8
La ley de Herodes,1999,7.9
AK vs AK,2020,6.9
Yennai Arindhaal,2015,7.3
Truck Turner,1974,6.9
Sarkar,2005,7.6
Xin Su shi jian,2009,7.0
Gangster No. 1,2000,6.7
Krack,2021,7.2
Zero Effect,1998,6.9
Wu xia,2011,7.1
Lootcase,2020,7.6
La French,2014,7.1
Maqbool,2003,8.1
Bhavesh Joshi Superhero,2018,7.6
Sur mes lèvres,2001,7.3
Babumoshai Bandookbaaz,2017,6.9
Bo bui gai wak,2006,6.6
What Doesn't Kill You,2008,6.6
The Deep End,2001,6.6
Sonchiriya,2019,8.1
The Last Hangman,2005,7.4
Titli,2014,7.6
Mulshi Pattern,2018,8.3
The Seven Five,2014,7.6
Una pura formalità,1994,7.6
Thondimuthalum Dhriksakshiyum,2017,8.2
Little Odessa,1994,6.7
Thimmarusu: Assignment Vali,2021,7.4
Faustrecht der Freiheit,1975,7.7
L'enfant,2005,7.4
Nayakan,1987,8.7
No Way Home,1996,6.8
West of Memphis,2012,7.9
Panic,2000,6.7
Wazir,2016,7.2
"Scotland, PA",2001,6.7
Special Chabbis,2013,8.0
Anjaam Pathiraa,2020,8.0
Greenfingers,2000,6.8
Welcome Home,2020,7.5
Unconditional,2012,7.1
U-Turn,2018,7.0
Singham,2011,6.8
Kôkaku kidôtai 2.0,2008,8.0
Soodhu Kavvum,2013,8.3
Fifty Dead Men Walking,2008,6.8
Night Falls on Manhattan,1996,6.6
Rakshasudu,2019,8.1
Bang Bang You're Dead,2002,7.8
Shooting Fish,1997,6.6
Julia,2008,7.0
Capitalism: A Love Story,2009,7.4
Amateur,1994,6.9
Baadshah,1999,6.9
The New Centurions,1972,7.0
Gulaal,2009,8.1
Ek Hasina Thi,2004,7.5
Khal Nayak,1993,7.2
Awarapan,2007,7.3
Nae-bu-ja-deul,2015,7.1
Company,2002,8.0
Crown Heights,2017,6.6
Dhuruvangal Pathinaaru,2016,8.3
Damini,1993,7.9
200: Halla Ho,2021,7.7
Rajneeti,2010,7.1
El Clan,2015,7.0
12,2007,7.6
True Believer,1989,6.7
New Jersey Drive,1995,6.7
Qi mou miao ji: Wu fu xing,1983,6.7
Manorama: Six Feet Under,2007,7.6
Mardaani 2,2019,7.4
"Ruben Brandt, a gyujto",2018,7.5
Sunny,2021,7.6
"Bon Cop, Bad Cop",2006,6.8
De zaak Alzheimer,2003,7.3
La proie,2011,6.7
Ying hung boon sik II,1987,7.3
The Seven-Per-Cent Solution,1976,6.7
Self Defense,1983,6.6
Rocky Handsome,2016,6.8
Biggie and Tupac,2002,6.8
Kei zik,1989,7.0
Home Room,2002,7.2
Io non ho paura,2003,7.4
NH10,2015,7.2
The Assassination of Richard Nixon,2004,6.9
Gabbar Is Back,2015,7.1
Mei Gong he xing dong,2016,6.6
Forensic,2020,6.8
Untold: Deal with the Devil,2021,7.4
Bubble,2005,6.6
Into the Abyss,2011,7.3
Let Him Have It,1991,7.2
Look,2007,6.6
Les Lyonnais,2011,7.0
Borsalino,1970,6.9
Une vie de chat,2010,6.9
Lung foo fung wan,1987,7.1
'A' gai wak 2,1987,7.1
Snow Angels,2007,6.8
American Heart,1992,6.7
Phir Hera Pheri,2006,7.1
Joe the King,1999,6.7
Amantes,1991,7.0
Hoi-sa-won,2012,6.7
Two Deaths of Henry Baker,2020,7.1
Ma-seu-teo,2016,6.6
Taxi to the Dark Side,2007,7.4
Honeydripper,2007,6.7
À bout portant,2010,6.8
Paradise Now,2005,7.4
Theri,2016,7.4
Sangharsh,1999,6.8
Dead or Alive: Hanzaisha,1999,6.8
Freaky Deaky,2012,6.8
Holiday,2014,7.3
La virgen de los sicarios,2000,6.8
Visaaranai,2015,8.5
Johnny Stecchino,1991,7.2
So duk,2013,6.6
Saheb Biwi Aur Gangster,2011,7.2
The Dancer Upstairs,2002,6.9
Omerta,2017,7.2
Seetharaam Benoy Case Number Eighteen,2021,7.4
Oye Lucky! Lucky Oye!,2008,7.7
Ghulam,1998,7.3
Il mostro,1994,7.4
Lajja,2001,6.7
Detective Byomkesh Bakshy!,2015,7.7
La comunidad,2000,7.3
Panchhi,2021,7.8
Du zhan,2012,7.0
Chakra,2021,6.9
Iraivi,2016,8.1
Deceiver,1997,6.6
An Open Secret,2014,7.4
The Hour of the Pig,1993,6.6
Autoreiji: Biyondo,2012,6.8
Ghayal,1990,7.6
LA 92,2017,8.2
Kaminey,2009,7.4
Snow on Tha Bluff,2011,6.7
Deewaar,1975,8.1
Adieu l'ami,1968,6.9
The Frame,2014,6.6
Bulhandang,2017,6.7
Baazaar,2018,6.6
Code Name Abdul,2021,9.4
"LSD: Love, Sex Aur Dhokha",2010,7.1
Bandit Queen,1994,7.6
Mute Witness,1995,6.7
Imaikkaa Nodigal,2018,7.4
Agneepath,1990,7.7
Aankhen,2002,7.4
No One Killed Jessica,2011,7.2
Ravana Lanka,2021,7.8
Bahut Hua Sammaan,2020,7.3
Once Upon a Time in Mumbaai,2010,7.4
Simple Men,1992,7.2
Johnny Gaddaar,2007,7.8
Rustom,2016,7.1
Chekka Chivantha Vaanam,2018,7.2
The Sniper,1952,7.1
Bluffmaster!,2005,6.6
Skins,2002,7.1
Vakeel Saab,2021,7.7
La chute de l'empire américain,2018,6.8
Dinner Rush,2000,7.3
Shaitan,2011,7.2
Union Station,1950,6.8
Shepherds and Butchers,2016,6.8
Thadam,2019,8.2
Khosla Ka Ghosla!,2006,8.3
Boy Wonder,2010,6.8
Wong ga si je IV: Jik gik jing yan,1989,7.1
Joseph,2018,8.1
The Naked Edge,1961,6.7
Kap ba ba dik sung,1995,6.6
Gupt: The Hidden Truth,1997,7.3
Karakter,1997,7.7
Sathuranga Vettai,2014,8.1
London to Brighton,2006,6.9
Shool,1999,7.7
Don,1978,7.8
The Wreck of the Mary Deare,1959,6.8
Fong juk,2006,7.2
Trailer Park Boys: Countdown to Liquor Day,2009,7.4
Pretty Poison,1968,7.1
"Yao a yao, yao dao wai po qiao",1995,7.1
L'homme du train,2002,7.2
Hon zin,2012,6.7
Sivaji,2007,7.5
Senapathi,2021,7.7
Spyder,2017,6.6
Wanted,2009,6.6
Thani Oruvan,2015,8.4
Shanghai,2012,7.2
Ulidavaru Kandanthe,2014,8.4
Juste avant la nuit,1971,7.3
Face,1997,6.7
Irumbu Thirai,2018,7.7
Kuttrame Thandanai,2016,7.7
Big B,2007,7.7
Sin-ui hansu,2014,6.7
Le passager de la pluie,1970,6.8
Gaddalakonda Ganesh,2019,6.6
Shagird,2011,7.1
Vettah,2016,6.9
Dracula Sir,2020,7.6
Xi yang tian shi,2002,6.7
Salaga,2021,7.5
O Homem Que Copiava,2003,7.6
Arjun,1985,7.2
13 game sayawng,2006,6.7
Apaharan,2005,7.4
The Unsaid,2001,6.7
Kolamavu Kokila,2018,7.3
Maestro,2021,7.0
Vallanzasca - Gli angeli del male,2010,6.8
Jewel Thief,1967,8.0
Julayi,2012,7.3
Unnaipol Oruvan,2009,8.0
Ajji,2017,7.0
Walking Across Egypt,1999,7.2
Deewana,1992,6.9
Naandhi,2021,8.3
New York,2009,6.8
Pen Vilai Verum 999 Rubai Mattume,2022,9.0
Halahal,2020,7.1
The Killing of America,1981,7.6
Shun liu ni liu,2000,6.8
Moon to,2007,7.2
Edges of the Lord,2001,6.8
Svartur á leik,2012,6.7
Kathakali,2016,6.6
Kick,2009,7.9
Heaven,1998,6.6
What Ever Happened to Aunt Alice?,1969,6.9
Nam yee boon sik,2007,6.8
Chakravarthy,2017,7.2
Swathanthryam Ardharathriyil,2018,7.4
Brother's Keeper,1992,7.5
Gabbar Singh,2012,7.1
Red,2021,6.6
Cocaine Cowboys: Reloaded,2014,7.7
Aakrosh,2010,7.0
Sound of Noise,2010,7.2
Vinci Da,2019,7.4
Popcorn Monkey Tiger,2019,7.5
India's Daughter,2015,8.2
Safe,2019,7.3
Uriyadi,2016,8.0
Pudhu Pettai,2006,8.5
Shootout at Lokhandwala,2007,7.1
A Murder in the Park,2014,7.2
Yutham Sei,2011,8.0
C.I.D.,1956,7.3
Tagaru,2018,8.0
Do Ankhen Barah Haath,1957,8.4
Criminal Minds,1998,7.0
Mumbai Police,2013,8.0
Monsoon Shootout,2013,6.7
Yeh Saali Zindagi,2011,7.5
The Young Poisoner's Handbook,1995,7.1
That Girl in Yellow Boots,2010,6.6
Aileen Wuornos: The Selling of a Serial Killer,1992,7.0
Aileen: Life and Death of a Serial Killer,2003,7.1
Mahanadhi,1994,8.6
Moothon,2019,7.5
The Attack,2012,7.1
Onaayum Aattukkuttiyum,2013,8.2
Banditi a Milano,1968,7.1
Saheb Biwi Aur Gangster Returns,2013,6.8
Ek Chalis Ki Last Local,2007,7.3
Shikari,2016,6.8
Brigham City,2001,6.8
Gangaajal,2003,7.8
Widows' Peak,1994,6.7
Shor in the City,2010,7.2
Sea of Shadows,2019,7.3
Paulette,2012,6.6
Twenty:20,2008,6.8
U Turn,2016,7.5
Laal Rang,2016,8.0
Ardh Satya,1983,8.2
Faster Fene,2017,7.9
Ichi,2008,6.6
Thegidi,2014,7.7
Janatha Garage,2016,7.3
Miss Lovely,2012,8.0
I Went Down,1997,6.9
Manmadhan,2004,7.2
City of Hope,1991,7.3
Paanch,2003,7.7
Aaranya Kaandam,2010,8.6
Kolaigaran,2019,7.2
Jerusalema,2008,7.3
Thupparivaalan,2017,7.6
Aarkkariyam,2021,6.9
Vaastav: The Reality,1999,8.0
Dhruva,2016,7.8
Jannat: In Search of Heaven...,2008,7.0
No Man's Land,2021,7.6
Thalapathi,1991,8.5
The Great Father,2017,7.2
The Stoneman Murders,2009,7.4
Satanás,2007,7.2
Khakee,2004,7.4
Stopwatch,2022,8.4
La vittima designata,1971,6.6
Snitch,1998,6.6
Les voleurs,1996,6.8
Le coup du parapluie,1980,6.7
Shinkansen daibakuha,1975,6.9
Mathu Vadalara,2019,8.3
Jil Jung Juk,2016,6.8
Crónicas,2004,6.9
Naam,1986,7.5
Aamir,2008,7.7
Appointment with Danger,1950,6.6
8 Thottakkal,2017,7.6
Phas Gaye Re Obama,2010,7.5
Todo el poder,2000,6.7
Gunda,1998,7.4
Jaane Bhi Do Yaaro,1983,8.4
Pokiri,2006,7.9
Baasha,1995,8.3
Hatya,1988,6.9
Chandni Bar,2001,7.6
2 Cool 2 Be 4gotten,2016,6.7
Gultoo,2018,8.1
Tabloid,2010,7.0
Praana,2019,8.2
Kurangu Bommai,2017,8.0
Ônibus 174,2002,7.8
PTU,2003,7.0
Killing Veerappan,2016,7.2
Maayavan,2017,7.3
Parinda,1989,7.8
R23 Criminals Diary,2021,9.3
Oppam,2016,7.4
John Doe: Vigilante,2014,6.6
Om,1995,8.8
Heavens Fall,2006,6.7
Standard Operating Procedure,2008,7.4
Gangster,2006,7.1
Thiruttu Payale 2,2017,6.7
Nid de guêpes,2002,6.7
Dushman,1998,6.9
Haasil,2003,7.6
Mio fratello è figlio unico,2007,7.0
Dragnet,1954,6.7
Andaz,1949,7.2
Drushyam,2014,8.3
Kala Shehar,2021,7.7
Oosaravelli,2011,6.6
Thaanaa Serndha Koottam,2018,6.7
Rajathandhiram,2015,7.6
Chuen zik saat sau,2001,6.9
Spring Thunder,2018,9.2
Kaalidas,2019,6.8
Shiva,1989,8.1
Narasimhapuram,2021,7.7
Saavat: A Hunt for Closure,2019,6.7
Love Serenade,1996,6.8
Mitin Mashi,2019,6.7
Ab Tak Chhappan,2004,7.8
China Town,1962,7.0
Chrystal,2004,6.6
Queen,2018,7.0
Kshana Kshanam,1991,8.1
Ponmagal Vandhal,2020,6.9
Lilies - Les feluettes,1996,7.4
Nicotina,2003,6.6
Naan,2012,7.6
Mayabazaar 2016,2020,7.3
Buddha in a Traffic Jam,2016,6.7
Nerkonda Paarvai,2019,7.8
The Attacks of 26/11,2013,6.9
Student No. 1,2001,6.8
Shree 420,1955,8.0
Naan Mahaan Alla,2010,7.2
Kabadadaari,2021,6.6
Eye of God,1997,7.3
Badla Jatti Da,1991,7.8
Vor,1997,7.7
Rakhta Charitra,2010,7.6
Aakhree Raasta,1986,7.1
Thoongaavanam,2015,7.0
Sehar,2005,7.7
Joi Baba Felunath,1979,8.1
Bombay to Goa,1972,6.8
Mankatha,2011,7.6
Point Blank,2021,8.2
Raakh,1989,7.5
Vaanam,2011,7.3
Aalavandhan,2001,7.2
Metro,2016,7.2
Vazhakku Enn 18/9,2012,8.3
Kuttram 23,2017,7.4
Temper,2015,7.5
Maachis,1996,7.8
Meri Aawaz Suno,1981,6.8
The Big One,1997,7.0
Ittefaq,1969,7.4
Plan B,2021,8.8
Rabb Ne Banaiyan Jodiean,2006,7.3
3 Deewarein,2003,7.8
"Road, Movie",2009,6.8
Amar Akbar Anthony,2015,6.6
Yakeen,1969,7.0
Shaurya: It Takes Courage to Make Right... Right,2008,7.3
Terror,2016,7.0
Adanga Maru,2018,7.2
F.I.R NO. 339/07/06,2021,6.6
Hera Pheri,1976,6.8
Nishant,1975,7.6
Faactory,2021,7.2
Kala Bazar,1960,7.3
Dandupalya,2012,6.7
Na Maloom Afraad 2,2017,6.9
Aakrosh,1980,7.9
Va savoir,2001,6.9
Dil Dosti Etc,2007,7.0
Cyanide Mallika,2021,8.0
Brij Mohan Amar Rahe,2017,6.8
'D',2005,6.8
Krantiveer,1994,7.5
Ebar Shabor,2015,7.3
Business Man,2012,7.2
Ghulam-E-Musthafa,1997,6.6
Magamuni,2019,7.8
Samay: When Time Strikes,2003,6.9
Sethupathi,2016,7.2
Shakti,1982,7.7
Eeram,2009,7.6
Oru Kuprasidha Payyan,2018,6.9
F.I.R,2021,6.7
Zanjeer,1973,7.6
Nine Hours to Rama,1963,6.6
Violenza al sole,1969,7.0
Paying Guest,1957,7.0
Pokkiri,2007,7.5
Saroja,2008,7.1
Aa Dinagalu,2007,8.0
Vellaipookal,2019,7.2
Kids for Cash,2013,7.1
Mahal,1970,6.6
Kavaludaari,2019,8.0
Abrahaminte Santhathikal,2018,7.3
Godmother,1999,6.7
Shubho Mahurat,2003,7.7
Juyuso seubgyuksageun,1999,7.0
Kaakha..Kaakha: The Police,2003,8.1
Rangoon,2017,7.1
Kala Pani,1958,7.2
What Happened in Vegas,2017,6.8
WXIII: Patlabor the Movie 3,2001,6.8
Play Back,2021,8.0
Singam,2010,6.9
Vettaiyaadu Vilaiyaadu,2006,7.9
Gharshana,2004,7.4
Crónica de una fuga,2006,7.2
Antapal,2012,6.6
Veera Bhoga Vasantha Rayalu,2018,6.6
Anokhi Raat,1968,7.4
Arjun Suravaram,2019,6.9
Undertrial,2007,6.7
Mirageman,2007,7.0
Salim Langde Pe Mat Ro,1989,7.6
Rang Panjab,2018,7.7
Paleri Manikyam: Oru Pathirakolapathakathinte Katha,2009,7.7
Maro Prasthanam,2021,8.3
Freeway: Crack in the System,2015,7.1
Padmashri,2022,9.0
Aankhen,1993,6.7
The Abolitionists,2016,8.2
Meka Suri,2020,7.6
Baishe Srabon,2011,8.1
In Harihar Nagar,1990,8.6
Me Shivaji Park,2018,7.0
Amchyasarkhe Aamich,1990,7.4
Ruang talok 69,1999,7.2
Mujhe Jeene Do,1963,6.7
Sathyaa,1988,7.9
Cero y van 4,2004,6.7
Sunghursh,1968,7.0
Whitey: United States of America v. James J. Bulger,2014,6.8
Mukti,1977,7.3
Thadaiyara Thaakka,2012,7.3
Proloy,2013,7.3
Baaram,2018,8.0
Meeruthiya Gangsters,2015,7.2
Baazi,1951,7.3
Les grandes gueules,1965,7.0
Rupinder Gandhi 2: The Robin Hood,2017,7.2
Pataas,2015,6.7
Asmee,2021,6.6
Chiriyakhana,1967,7.3
Police Public,1990,6.7
Victoria No. 203,1972,7.1
Bhramaram,2009,7.4
Where's Jack?,1969,6.6
Pratidwandi,2021,6.6
La corsa dell'innocente,1992,6.9
Andha Naal,1954,7.9
Arishadvarga,2019,6.8
Cavale,2002,7.0
Swamy Ra Ra,2013,7.4
Gaganam,2011,7.2
El rey de Najayo,2012,6.8
New Delhi,1987,8.0
Patra Vaitha Nerupondru,2020,6.9
Tik Tik Tik,1981,6.9
Left Right Left,2013,8.1
Kuldip Patwal: I Didn't Do It!,2017,6.6
Fatti di gente perbene,1974,6.7
Maharathi,2008,7.1
Gambler,1971,6.6
The Gambinos,2019,7.1
Arindhum Ariyamalum,2005,7.2
Payanam,2011,7.3
Faraar,1975,6.9
Himalay Ki Godmein,1965,7.0
The Trials of Darryl Hunt,2006,7.5
Kariya,2003,7.7
Akasmika,1993,7.2
Risk,2007,6.6
Mukhbiir,2008,6.9
Der Arzt von St. Pauli,1968,6.6
Raghu Romeo,2003,6.9
Johnny,1980,7.5
Phir Wohi Raat,1980,6.6
The Great Story of Sodabuddi,2016,6.9
P Se Pyaar F Se Faraar,2019,6.8
Ira,2018,6.9
Something in the Clearing,2006,7.1
Bachchan,2013,6.7
Urvi,2017,6.9
Anasuya,2007,7.3
Billa,2007,7.3
Agni Natchathiram,1988,7.7
Parigettu Parigettu,2021,7.2
Navagraha,2008,7.8
Kempe Gowda,2011,7.2
Thanks Maa,2009,7.9
Private Network: Who Killed Manuel Buendía?,2021,6.8
Commissioner,1994,7.6
Waisa Bhi Hota Hai Part II,2003,7.3
Shock to the System,2006,6.7
Be-Reham,1980,6.7
Khadgam,2002,7.8
Naa Bangaaru Talli,2013,7.2
Jaali Note,1960,7.3
Suspended Inspector Boro,2018,8.2
Kauravar,1992,7.8
De inbreker,1972,6.6
Pornomochi,2018,6.6
3E,2022,8.8
Okkadunnadu,2007,7.4
12 O'Clock,1958,7.3
Mong ming yuen yeung,1988,7.1
Xun qiang,2002,6.6
Harikrishnans,1998,6.9
Samrajyam,1990,7.5
Pulanaivu,2019,6.8
Ek Se Badhkar Ek,1976,7.0
Jatra: Hyalagaad Re Tyalagaad,2005,6.9
Thazhvaram,1990,8.1
Advaitham,1991,7.0
Après la vie,2002,7.0
No Fire Zone: The Killing Fields of Sri Lanka,2013,6.9
Satta,2003,6.8
Pakhi,2018,7.3
Sathire,2004,7.0
Chhailla Babu,1977,6.8
Koodasha,2018,7.2
Shuddhi,2017,7.9
Abhimanyu,1991,7.1
Prahaar: The Final Attack,1991,8.0
Ecco,2019,7.2
Is Raat Ki Subah Nahin,1996,6.8
Foot Path,1953,7.6
Naanayam,2010,6.7
Pattiyal,2006,7.2
Style King,2016,6.9
Aaradhu Sinam,2016,7.0
Mise à sac,1967,7.2
Jigar Thanda,2016,7.5
Cheluvina Chittara,2007,6.7
Nastik,1954,6.7
Hawaa,2019,6.9
Renigunta,2009,6.8
Laal Batti,2019,8.4
Phatik Chand,1983,7.1
Aavanazhi,1986,7.3
Karishmaa,1984,6.6
Jaaneman,1976,6.7
Billa Ranga,1982,7.5
AK 47,1999,7.6
Pen Paadhi Aadai Paadhi,2021,8.7
Falling,2008,7.7
O Primeiro Dia,1998,6.8
No: 20 Madras Mail,1990,7.7
Pehli Jhalak,1955,6.7
Appointment with a Shadow,1957,7.0
BB5,2017,7.3
Rajavinte Makan,1986,7.6
Govindha Govindha,1993,6.7
Ujala,1959,6.7
Mukham,1990,6.9
Kottayam,2020,7.4
Vetri,1984,7.1
Artham,1989,6.9
Two Coyotes,2001,7.2
Season,1989,7.5
Cristo 70,1970,6.8
Karimpin Poovinakkare,1985,7.0
8MM Bullet,2018,7.0
Kariyila Kattu Pole,1986,7.7
Vanyam,2016,7.0
Nooravathu Naal,1984,7.3
Dream,2012,8.0
Chakravarthy,1987,7.5
Railway Children,2016,8.7
Tintorettor Jishu,2008,6.8
W,2014,6.9
The Last Call,1998,6.9
Kiragoorina Gayyaligalu,2016,8.3
Rudranetra,1989,6.7
Wu fa wu tian fei che dang,1976,6.6
Trinetrudu,1988,7.2
Betthanagere,2015,7.2
Aananda Jothi,1963,7.0
Sesh Anka,1963,8.2
Mi America,2015,6.6
Jigri Yaar,1984,7.4
Jadi Jantem,1974,8.0
Aanmai Thavarael,2011,6.9
Pathirakalam,2018,7.8
Ningal Camera Nireekshanathilaanu,2019,7.0
Vachanam,1989,7.0
Vicky Dada,1989,7.0
And They Call It Puppy Love,2013,7.3
No Man's Truth,2020,6.6
Minchina Oata,1980,7.6
Odu Raja Odu,2018,6.9
Velakkariyayirunnalum Neeyen Mohavalli,2018,7.2
Paddayi,2018,7.6
Keli,1991,6.9
Kiraathakudu,1986,7.2
Ganapa,2015,7.0
Bastard Son of a Thousand Fathers,2016,6.9
Adimakal Udamakal,1987,7.2
Jebu Donga,1987,7.2
Oliyampukal,1990,7.0
Run Zindagi Run,2020,7.5
Night Runs Red,2000,7.6
Chettaniki Kallu Levu,1981,7.4
Dhairyavanthudu,1986,6.7
Thayi Veedu,1983,7.4
Long Dark Road,2014,8.0
Ograblenie po-kazakh$ki,2014,8.4
Antima Theerpu,1988,7.0
Kirayi Rowdylu,1981,8.2
Naga Phasa,1977,7.7
Cochin Express,1967,6.7
