The Power of the Dog,2021,6.9
Licorice Pizza,2021,7.8
Verdens verste menneske,2021,7.9
West Side Story,2021,7.8
I Want You Back,2022,6.7
Redeeming Love,2022,6.6
The French Dispatch,2021,7.3
The Eyes of Tammy Faye,2021,6.7
Titanic,1997,7.8
Forrest Gump,1994,8.8
Little Women,2019,7.8
The Notebook,2004,7.8
Pride & Prejudice,2005,7.8
Call Me by Your Name,2017,7.9
Cinderella,2015,6.9
The King,2019,7.3
Brokeback Mountain,2005,7.7
Pitch Perfect,2012,7.1
West Side Story,1961,7.5
The Shape of Water,2017,7.3
"Crazy, Stupid, Love.",2011,7.4
The Girl Next Door,2004,6.7
The Proposal,2009,6.7
The Great Gatsby,2013,7.2
In the Heights,2021,7.3
The Princess Bride,1987,8.1
The Piano,1993,7.6
Good Will Hunting,1997,8.3
Phantom Thread,2017,7.5
Romeo + Juliet,1996,6.7
Eternal Sunshine of the Spotless Mind,2004,8.3
La La Land,2016,8.0
Four Weddings and a Funeral,1994,7.1
Cashback,2006,7.1
Downton Abbey,2019,7.4
Groundhog Day,1993,8.0
Stardust,2007,7.6
Love Actually,2003,7.6
A Star Is Born,2018,7.6
The Other Boleyn Girl,2008,6.7
Me Before You,2016,7.4
Crazy Rich Asians,2018,6.9
10 Things I Hate About You,1999,7.3
Clueless,1995,6.9
Casablanca,1942,8.5
True Romance,1993,7.9
Beauty and the Beast,2017,7.1
The Perks of Being a Wallflower,2012,7.9
Her,2013,8.0
Malcolm & Marie,2021,6.7
Midnight in Paris,2011,7.7
The Dreamers,2003,7.2
Yesterday,2019,6.8
Shyam Singha Roy,2021,7.9
About Time,2013,7.8
Dirty Dancing,1987,7.0
Emma.,2020,6.7
Malèna,2000,7.5
Passengers,2016,7.0
La vita è bella,1997,8.6
Atonement,2007,7.8
Silver Linings Playbook,2012,7.7
Les Misérables,2012,7.6
Grease,1978,7.2
Aladdin,2019,6.9
Ah-ga-ssi,2016,8.1
The 40 Year Old Virgin,2005,7.1
Marriage Story,2019,7.9
My Girl,1991,6.9
Dracula,1992,7.4
La vie d'Adèle,2013,7.7
Scott Pilgrim vs. the World,2010,7.5
Pretty Woman,1990,7.1
Cast Away,2000,7.8
Excalibur,1981,7.4
Kimi no na wa.,2016,8.4
Swan Song,2021,6.8
Moulin Rouge!,2001,7.6
Palm Springs,2020,7.4
Moonrise Kingdom,2012,7.8
The Curious Case of Benjamin Button,2008,7.8
Forgetting Sarah Marshall,2008,7.1
Le fabuleux destin d'Amélie Poulain,2001,8.3
Secretary,2002,7.0
Unfaithful,2002,6.7
Willow,1988,7.3
The Last Picture Show,1971,8.0
The Lobster,2015,7.2
Lolita,1997,6.9
The Ballad of Buster Scruggs,2018,7.3
Tangled,2010,7.7
Enchanted,2007,7.0
Bridesmaids,2011,6.8
The Age of Adaline,2015,7.2
Sixteen Candles,1984,7.0
Hercules,1997,7.3
Shrek,2001,7.9
Footloose,1984,6.6
(500) Days of Summer,2009,7.6
Big Fish,2003,8.0
Love & Other Drugs,2010,6.7
The Reader,2008,7.6
Easy A,2010,7.0
Never Let Me Go,2010,7.1
Notting Hill,1999,7.1
Robin Hood: Men in Tights,1993,6.7
Gone with the Wind,1939,8.1
Fa Yeung Nin Wah,2000,8.1
The Parent Trap,1998,6.6
Cruel Intentions,1999,6.8
The Phantom of the Opera,2004,7.2
The Sound of Music,1965,8.0
Rent,2005,6.9
The Last of the Mohicans,1992,7.7
The Souvenir: Part II,2021,7.6
The Wedding Singer,1998,6.9
Meet the Parents,2000,7.0
Before Sunrise,1995,8.1
The Terminal,2004,7.4
Rachel Getting Married,2008,6.7
Weird Science,1985,6.6
Punch-Drunk Love,2002,7.3
Little Women,1994,7.3
Hytti nro 6,2021,7.4
The English Patient,1996,7.4
Mamma Mia! Here We Go Again,2018,6.6
Long Shot,2019,6.8
Portrait de la jeune fille en feu,2019,8.1
Legends of the Fall,1994,7.5
Knocked Up,2007,6.9
Anna Karenina,2012,6.6
The Young Victoria,2009,7.3
Steel Magnolias,1989,7.3
The Fault in Our Stars,2014,7.7
As Good as It Gets,1997,7.7
Slumdog Millionaire,2008,8.0
Inherent Vice,2014,6.7
"Love, Rosie",2014,7.2
Chocolat,2000,7.2
Carol,2015,7.3
Aladdin,1992,8.0
Hitch,2005,6.6
Mr. Nobody,2009,7.8
Hairspray,2007,6.7
Silverado,1985,7.2
Waves,2019,7.6
Some Like It Hot,1959,8.2
Vicky Cristina Barcelona,2008,7.1
The Graduate,1967,8.0
Wedding Crashers,2005,6.9
There's Something About Mary,1998,7.1
Jerry Maguire,1996,7.3
The Guernsey Literary and Potato Peel Pie Society,2018,7.4
50 First Dates,2004,6.8
A Knight's Tale,2001,7.0
Closer,2004,7.2
King Kong,2005,7.2
The Life Aquatic with Steve Zissou,2004,7.3
Sense and Sensibility,1995,7.7
Focus,2015,6.6
Beauty and the Beast,1991,8.0
The Theory of Everything,2014,7.7
Dangerous Liaisons,1988,7.6
The Danish Girl,2015,7.1
The Little Mermaid,1989,7.6
High Fidelity,2000,7.5
The Last Letter from Your Lover,2021,6.7
The Beach,2000,6.7
Vertigo,1958,8.3
Peter Pan,2003,6.8
Ghost,1990,7.1
The Mask of Zorro,1998,6.8
Maleficent,2014,7.0
Coming to America,1988,7.1
When Harry Met Sally...,1989,7.6
The Light Between Oceans,2016,7.2
The Big Sick,2017,7.5
Five Feet Apart,2019,7.2
Revolutionary Road,2008,7.3
Meet Joe Black,1998,7.2
The Holiday,2006,6.9
The Secret Life of Walter Mitty,2013,7.3
Pretty in Pink,1986,6.8
Ich bin dein Mensch,2021,7.1
The Virgin Suicides,1999,7.2
Blue Valentine,2010,7.3
"I Love You, Man",2009,7.0
Chandigarh Kare Aashiqui,2021,6.9
Atrangi Re,2021,6.6
Bridget Jones's Diary,2001,6.7
Vanilla Sky,2001,6.9
Breakfast at Tiffany's,1961,7.6
Australia,2008,6.6
One Day,2011,7.0
A Walk to Remember,2002,7.3
Moonstruck,1987,7.1
Edward Scissorhands,1990,7.9
Walk the Line,2005,7.8
Little Shop of Horrors,1986,7.1
Little Children,2006,7.5
Match Point,2005,7.6
Monster's Ball,2001,7.0
Lucía y el sexo,2001,7.1
Romeo and Juliet,1968,7.6
Disobedience,2017,6.6
Låt den rätte komma in,2008,7.9
The F Word,2013,6.8
Cold Mountain,2003,7.2
L'amant,1992,6.9
Youth,2015,7.3
Shrek 2,2004,7.2
Empire Records,1995,6.7
Say Anything...,1989,7.3
37°2 le matin,1986,7.4
Only Lovers Left Alive,2013,7.3
The Choice,2016,6.6
Overboard,1987,6.9
Risky Business,1983,6.8
Romancing the Stone,1984,6.9
Chung Hing sam lam,1994,8.1
Singin' in the Rain,1952,8.3
Sleepless in Seattle,1993,6.8
The Birds,1963,7.7
Summer School,1987,6.6
Planet Terror,2007,7.0
Judy,2019,6.8
Roxanne,1987,6.6
Leaving Las Vegas,1995,7.5
Adventures in Babysitting,1987,6.9
Silver Streak,1976,6.9
Robin Hood: Prince of Thieves,1991,6.9
Hridayam,2022,8.8
Frida,2002,7.4
Ultimo tango a Parigi,1972,7.0
Happiest Season,2020,6.6
Remember Me,2010,7.1
Much Ado About Nothing,1993,7.3
Wo hu cang long,2000,7.8
Doctor Zhivago,1965,8.0
Jeune et jolie,2013,6.7
El secreto de sus ojos,2009,8.2
Big,1988,7.3
Memoirs of a Geisha,2005,7.4
Nuovo Cinema Paradiso,1988,8.5
Rushmore,1998,7.7
Allied,2016,7.1
The Hours,2002,7.5
You've Got Mail,1998,6.7
But I'm a Cheerleader,1999,6.7
Waitress,2007,7.0
Lady Macbeth,2016,6.8
Open Range,2003,7.4
The Map of Tiny Perfect Things,2021,6.8
Our Friend,2019,7.3
Warm Bodies,2013,6.8
Brooklyn,2015,7.5
"Love, Simon",2018,7.6
The Constant Gardener,2005,7.4
Snow White and the Seven Dwarfs,1937,7.6
The Age of Innocence,1993,7.2
Drop Dead Gorgeous,1999,6.6
An Officer and a Gentleman,1982,7.0
Sideways,2004,7.5
EverAfter,1998,7.1
My Big Fat Greek Wedding,2002,6.6
Adrift,2018,6.6
The Best Exotic Marigold Hotel,2011,7.3
Under the Tuscan Sun,2003,6.8
Bill & Ted's Excellent Adventure,1989,7.0
Queen & Slim,2019,7.1
The Longest Ride,2015,7.1
The Next Three Days,2010,7.3
Charade,1963,7.9
My Fair Lady,1964,7.8
Out of Sight,1998,7.0
La migliore offerta,2013,7.8
It's Complicated,2009,6.6
Swiss Army Man,2016,7.0
Before Sunset,2004,8.1
Up in the Air,2009,7.4
A Ghost Story,2017,6.9
Yes Man,2008,6.8
Around the World in 80 Days,1956,6.8
Bright Star,2009,6.9
The Apartment,1960,8.3
Begin Again,2013,7.4
Elf,2003,7.0
Can't Buy Me Love,1987,6.8
Shakespeare in Love,1998,7.1
Pocahontas,1995,6.7
The Best of Me,2014,6.7
Colonia,2015,7.1
The Horse Whisperer,1998,6.6
Cleopatra,1963,7.0
The Book of Life,2014,7.3
About a Boy,2002,7.1
Do lok tin si,1995,7.7
Love Story,1970,6.9
No Way Out,1987,7.1
I Origins,2014,7.4
To All the Boys I've Loved Before,2018,7.1
Before Midnight,2013,7.9
Jane Eyre,2011,7.3
Before We Go,2014,6.8
Paterson,2016,7.4
En man som heter Ove,2015,7.7
The Exception,2016,6.8
"Definitely, Maybe",2008,7.1
The Thomas Crown Affair,1999,6.9
Something's Gotta Give,2003,6.7
Supernova,2020,6.9
The Railway Man,2013,7.1
While You Were Sleeping,1995,6.7
Wish Dragon,2021,7.2
Annie Hall,1977,8.0
Safe Haven,2013,6.7
The Illusionist,2006,7.6
The Fountain,2006,7.2
Witness,1985,7.4
The Hunchback of Notre Dame,1996,7.0
The New World,2005,6.7
Durante la tormenta,2018,7.4
Girl with a Pearl Earring,2003,6.9
Cabaret,1972,7.8
Crazy Heart,2009,7.2
Somewhere in Time,1980,7.2
Blast from the Past,1998,6.6
Átame!,1989,7.0
Some Kind of Wonderful,1987,7.1
Working Girl,1988,6.8
The Duchess,2008,6.9
P.S. I Love You,2007,7.0
Robin Hood,1973,7.6
Once,2007,7.8
Sing Street,2016,7.9
Wet Hot American Summer,2001,6.6
Garden State,2004,7.4
The Art of Racing in the Rain,2019,7.6
Collateral Beauty,2016,6.8
The Crying Game,1992,7.3
What Dreams May Come,1998,7.0
The Vow,2012,6.8
A Hidden Life,2019,7.4
Adventureland,2009,6.8
"Se, jie",2007,7.5
Tolkien,2019,6.8
Buffalo '66,1998,7.5
Julie & Julia,2009,7.0
Always Be My Maybe,2019,6.8
Body Heat,1981,7.4
Tenki no ko,2019,7.5
Belle de jour,1967,7.7
Tootsie,1982,7.4
Ophelia,2018,6.6
Boys Don't Cry,1999,7.5
Beautiful Girls,1996,7.1
Shiddat,2021,8.0
Candy,2006,7.2
A Good Year,2006,7.0
A Goofy Movie,1995,6.9
The King and I,1956,7.4
The Great Debaters,2007,7.5
Water for Elephants,2011,6.9
The Bridges of Madison County,1995,7.6
American Honey,2016,7.0
Big Night,1996,7.3
Grumpy Old Men,1993,7.0
Hable con ella,2002,7.9
Cinderella,1950,7.3
Seeking a Friend for the End of the World,2012,6.7
The Artist,2011,7.9
The Remains of the Day,1993,7.8
The Spectacular Now,2013,7.1
Serendipity,2001,6.9
The Lake House,2006,6.8
Cinderella Man,2005,8.0
Singles,1992,6.8
Sleeping Beauty,1959,7.2
Bend It Like Beckham,2002,6.6
Beast,2017,6.8
Out of Africa,1985,7.2
Roman Holiday,1953,8.0
Love & Basketball,2000,7.2
The Time Machine,1960,7.6
Children of a Lesser God,1986,7.2
Breathe,2017,7.2
Life Itself,2018,6.9
Corpse Bride,2005,7.3
Fiddler on the Roof,1971,8.0
Stealing Beauty,1996,6.6
Un monstre à Paris,2011,6.7
Skin,2018,6.9
Bitter Moon,1992,7.2
The Cider House Rules,1999,7.4
Kaze tachinu,2013,7.8
Across the Universe,2007,7.3
The Unbearable Lightness of Being,1988,7.3
The Adjustment Bureau,2011,7.0
The Diary of a Teenage Girl,2015,6.8
Miss Potter,2006,7.0
The Road to El Dorado,2000,6.9
Flipped,2010,7.7
The Parent Trap,1961,7.2
L'avventura,1960,7.8
If Beale Street Could Talk,2018,7.1
Notes on a Scandal,2006,7.4
Frances Ha,2012,7.5
Words on Bathroom Walls,2020,7.2
Imagine Me & You,2005,6.8
If I Stay,2014,6.7
Hairspray,1988,7.0
Finding Your Feet,2017,6.8
A Single Man,2009,7.5
Howards End,1992,7.4
Anthropoid,2016,7.2
Enough Said,2013,7.0
Lars and the Real Girl,2007,7.3
Un long dimanche de fiançailles,2004,7.6
Zimna wojna,2018,7.6
Stuck in Love,2012,7.2
Kimi no suizô o tabetai,2018,8.1
La double vie de Véronique,1991,7.8
The Sand Pebbles,1966,7.6
Midnight Sun,2018,6.6
Safety Not Guaranteed,2012,7.0
Streets of Fire,1984,6.7
Now and Then,1995,6.8
Grosse Pointe Blank,1997,7.3
The Half of It,2020,6.9
The Family Man,2000,6.8
Fruitvale Station,2013,7.5
Far from the Madding Crowd,2015,7.1
Tristan + Isolde,2006,6.8
The Music Man,1962,7.7
I Love You Phillip Morris,2009,6.6
Haseen Dillruba,2021,6.9
The Rules of Attraction,2002,6.6
Emma,1996,6.7
The Way We Were,1973,7.1
Der Himmel über Berlin,1987,8.0
The Time Traveler's Wife,2009,7.1
Mallrats,1995,7.1
Lady and the Tramp,1955,7.3
50/50,2011,7.6
Far and Away,1992,6.6
Patch Adams,1998,6.8
Mansfield Park,1999,7.1
Damage,1992,6.8
Dan in Real Life,2007,6.7
Stranger Than Fiction,2006,7.5
Belle,2013,7.3
Like Crazy,2011,6.7
Labor Day,2013,6.9
Colette,2018,6.8
Mixtape,2021,6.7
Flushed Away,2006,6.6
To Catch a Thief,1955,7.4
Election,1999,7.2
Great Expectations,1998,6.8
Kinsey,2004,7.1
Agora,2009,7.2
The Aeronauts,2019,6.6
The American President,1995,6.8
Chasing Amy,1997,7.2
Vision Quest,1985,6.6
Trois couleurs: Bleu,1993,7.9
De rouille et d'os,2012,7.5
The First Time,2012,6.8
Biutiful,2010,7.5
2046,2004,7.4
Two for the Road,1967,7.4
Neko no ongaeshi,2002,7.2
French Kiss,1995,6.6
Notorious,1946,8.0
City of Angels,1998,6.7
The Horse Soldiers,1959,7.1
Ghost Town,2008,6.7
Bull Durham,1988,7.1
Big Eyes,2014,7.0
Scrooged,1988,7.0
Pride,2014,7.8
Werk ohne Autor,2018,7.8
Ruby Sparks,2012,7.2
Mimi wo sumaseba,1995,7.9
Serebryanye konki,2020,7.2
Café Society,2016,6.6
The Old Man & the Gun,2018,6.7
Funny Girl,1968,7.4
Good Bye Lenin!,2003,7.7
Tuck Everlasting,2002,6.6
Confessions of a Dangerous Mind,2002,7.0
Rumble Fish,1983,7.2
Arizona Dream,1993,7.3
Trois couleurs: Rouge,1994,8.1
Man Up,2015,6.8
Broadcast News,1987,7.2
Broken Flowers,2005,7.2
Nowhere Boy,2009,7.1
La leggenda del pianista sull'oceano,1998,8.1
Reality Bites,1994,6.6
Back to School,1986,6.7
CBGB,2013,6.6
En kongelig affære,2012,7.5
Perfect Sense,2011,7.1
Hitchcock,2012,6.8
Set It Off,1996,6.9
The Bounty,1984,7.1
SLC Punk!,1998,7.4
Submarine,2010,7.3
The Kids Are All Right,2010,7.0
Mutiny on the Bounty,1935,7.7
Gräns,2018,7.0
The Ultimate Gift,2006,7.3
The War of the Roses,1989,6.8
A Walk in the Clouds,1995,6.7
The Loved Ones,2009,6.6
The Best Man,1999,6.8
Sweet November,2001,6.7
The African Queen,1951,7.8
Last Night,2010,6.6
Beginners,2010,7.2
Gekijouban Violet Evergarden,2020,8.5
Forever My Girl,2018,6.7
"Paris, je t'aime",2006,7.2
City Lights,1931,8.5
"Juliet, Naked",2018,6.6
Quigley Down Under,1990,6.9
Summerland,2020,7.0
The Year of Living Dangerously,1982,7.1
Starter for 10,2006,6.7
Shi mian mai fu,2004,7.5
The Last Seduction,1994,7.1
Words and Pictures,2013,6.6
Bakjwi,2009,7.1
A Place in the Sun,1951,7.8
Orlando,1992,7.2
Return to Me,2000,6.9
The Mirror Has Two Faces,1996,6.6
Something Wild,1986,6.9
45 Years,2015,7.1
Reds,1981,7.3
96,2018,8.5
Arthur,1981,6.9
Loving,2016,7.0
Padmaavat,2018,7.0
Another Earth,2011,6.9
The Adventures of Robin Hood,1938,7.9
Lucas,1986,6.9
Los abrazos rotos,2009,7.2
Starman,1984,7.0
Hope and Glory,1987,7.3
Nick and Norah's Infinite Playlist,2008,6.6
La Vie En Rose,2007,7.6
Il Decameron,1971,7.1
The Words,2012,7.0
Whatever Works,2009,7.1
Where the Heart Is,2000,6.8
Anomalisa,2015,7.3
Miss Pettigrew Lives for a Day,2008,7.1
Heaven Can Wait,1978,6.9
Julieta,2016,7.1
Far from Heaven,2002,7.4
Little Voice,1998,7.0
Penelope,2006,6.7
Away We Go,2009,7.0
The Unforgiven,1960,6.7
Smultronstället,1957,8.2
Yi dai zong shi,2013,6.6
Kokuriko-zaka kara,2011,7.4
Dave,1993,6.8
Shithouse,2020,6.8
Wicker Park,2004,7.0
High Art,1998,6.6
Strictly Ballroom,1992,7.2
Bin-jip,2004,8.0
Slow West,2015,6.9
Mermaids,1990,6.7
Just Like Heaven,2005,6.7
Mighty Aphrodite,1995,7.0
Appaloosa,2008,6.7
Ten Inch Hero,2007,7.4
The Second Best Exotic Marigold Hotel,2015,6.6
The Prince of Tides,1991,6.8
Summer of Sam,1999,6.7
It's Kind of a Funny Story,2010,7.1
Becoming Jane,2007,7.0
Koto no ha no niwa,2013,7.5
Io sono l'amore,2009,7.0
Guys and Dolls,1955,7.2
Jin ling shi san chai,2011,7.6
Byôsoku 5 senchimêtoru,2007,7.6
Center Stage,2000,6.7
Devdas,2002,7.6
Alice Doesn't Live Here Anymore,1974,7.3
When a Man Loves a Woman,1994,6.6
Their Finest,2016,6.8
Women in Love,1969,7.2
The Sleeping Dictionary,2003,6.6
Marnie,1964,7.1
Grumpier Old Men,1995,6.7
Something New,2006,6.7
Ema,2019,6.8
Benny & Joon,1993,7.2
A Walk on the Moon,1999,6.6
My Name Is Khan,2010,8.0
Dangerous Beauty,1998,7.2
Lost and Delirious,2001,6.9
Hysteria,2011,6.7
Gully Boy,2019,7.9
Sea of Love,1989,6.8
A Star Is Born,1954,7.6
My Blueberry Nights,2007,6.6
Dragon: The Bruce Lee Story,1993,7.0
The Painted Veil,2006,7.5
Wristcutters: A Love Story,2006,7.3
The Man in the Moon,1991,7.4
Before Night Falls,2000,7.2
A Lot Like Love,2005,6.6
The Sessions,2012,7.2
The Majestic,2001,6.9
For Love of the Game,1999,6.6
Shine,1996,7.7
The Immigrant,2013,6.6
The Lunchbox,2013,7.8
All That Heaven Allows,1955,7.6
Freier Fall,2013,7.6
Moffie,2019,6.8
Kal Ho Naa Ho,2003,7.9
Kabhi Khushi Kabhie Gham...,2001,7.4
The Secret Scripture,2016,6.7
Jing wu men,1972,7.3
Beyond the Lights,2014,6.9
How to Steal a Million,1966,7.6
Ba wang bie ji,1993,8.1
An American in Paris,1951,7.2
Paint Your Wagon,1969,6.6
Victor Victoria,1982,7.6
My Summer of Love,2004,6.7
L.A. Story,1991,6.7
Nakitai watashi wa neko o kaburu,2020,6.7
Shelter,2007,7.7
The House of the Spirits,1993,6.9
An Unfinished Life,2005,7.0
Gegen die Wand,2004,7.9
Irrational Man,2015,6.6
X+Y,2014,7.1
La nuit américaine,1973,8.0
Elisa y Marcela,2019,6.6
Kumbalangi Nights,2019,8.6
To Have and Have Not,1944,7.8
Teströl és lélekröl,2017,7.6
The Mother,2003,6.8
The Giant Mechanical Man,2012,6.7
The One I Love,2014,7.1
Nicholas Nickleby,2002,7.2
The Sapphires,2012,7.1
Bajirao Mastani,2015,7.3
Como agua para chocolate,1992,7.1
Yeh Jawaani Hai Deewani,2013,7.2
Kuai can che,1984,7.2
Little Women,1949,7.3
Jungle Fever,1991,6.6
Romeo Is Bleeding,1993,6.6
The Curse of the Jade Scorpion,2001,6.7
The Merchant of Venice,2004,7.0
Two Lovers,2008,7.0
Red Dog,2011,7.4
Les Misérables,1998,7.4
This Beautiful Fantastic,2016,7.0
Mona Lisa,1986,7.3
Quartet,2012,6.8
Rush,1991,6.8
Sylvie's Love,2020,6.8
Mucize,2015,7.6
Trois couleurs: Blanc,1994,7.6
Samâ uôzu,2009,7.5
Tess,1979,7.3
M. Butterfly,1993,6.8
Salmon Fishing in the Yemen,2011,6.8
Everyone Says I Love You,1996,6.7
Yentl,1983,6.6
Don Juan DeMarco,1994,6.7
Othello,1995,6.9
Dilwale Dulhania Le Jayenge,1995,8.1
Mrs Brown,1997,7.2
The Importance of Being Earnest,2002,6.8
Ladies in Lavender,2004,7.0
Brideshead Revisited,2008,6.7
Funny Face,1957,7.0
Shadowlands,1993,7.3
The Boxer,1997,7.0
Regarding Henry,1991,6.7
Il postino,1994,7.7
Easy Virtue,2008,6.7
Bom yeoreum gaeul gyeoul geurigo bom,2003,8.0
Xi you: Xiang mo pian,2013,6.8
Amazing Grace,2006,7.4
Fireproof,2008,6.6
Torn Curtain,1966,6.6
Meenakshi Sundareshwar,2021,7.2
Liberal Arts,2012,6.7
Frankie and Johnny,1991,6.7
Man cheng jin dai huang jin jia,2006,7.0
"Crna macka, beli macor",1998,8.1
"Hello, My Name Is Doris",2015,6.6
La Belle Époque,2019,7.4
Albert Nobbs,2011,6.7
Immortal Beloved,1994,7.4
Kapoor & Sons,2016,7.7
The Wild One,1953,6.8
Love in the Afternoon,1957,7.2
Brief Encounter,1945,8.0
Gigi,1958,6.7
Turks fruit,1973,7.1
The Brothers Bloom,2008,6.8
Frantz,2016,7.5
Pure Country,1992,7.1
Maudie,2016,7.6
Ordinary Love,2019,6.6
People Places Things,2015,6.8
Dil Bechara,2020,8.1
Ondine,2009,6.8
Anna and the King,1999,6.7
Brown Sugar,2002,6.6
The Greatest Show on Earth,1952,6.6
Little Manhattan,2005,7.5
Wings,1927,7.5
Toki o kakeru shôjo,2006,7.7
The Turning Point,1977,6.9
American Me,1992,7.1
Heart and Souls,1993,7.0
Mutiny on the Bounty,1962,7.2
Tamasha,2015,7.3
Jab We Met,2007,7.9
Unpaused,2020,7.0
Hondo,1953,7.1
Absence of Malice,1981,6.9
Veer-Zaara,2004,7.8
Secret Admirer,1985,6.6
Charlie Bartlett,2007,7.0
Jeux d'enfants,2003,7.6
Much Ado About Nothing,2012,7.1
The Goodbye Girl,1977,7.4
Mao's Last Dancer,2009,7.3
DJ Tillu,2022,7.9
Peaceful Warrior,2006,7.3
The French Lieutenant's Woman,1981,7.0
Pillow Talk,1959,7.4
Chhichhore,2019,8.3
If Only,2004,7.1
Happy-Go-Lucky,2008,7.0
La reine Margot,1994,7.4
The Jane Austen Book Club,2007,6.8
Ride with the Devil,1999,6.7
The Skeleton Twins,2014,6.8
Kal Hee,1991,7.6
8 femmes,2002,7.1
Obvious Child,2014,6.8
Playing by Heart,1998,7.0
Ke zai ni xindi de mingzi,2020,7.3
Mississippi Masala,1991,6.6
Jude,1996,6.9
The Deadly Affair,1967,6.8
Tacones lejanos,1991,7.1
Ladies in Black,2018,6.8
Prizzi's Honor,1985,6.7
Rebel in the Rye,2017,6.7
Two Mules for Sister Sara,1970,7.0
The Last Days of Disco,1998,6.7
She's Gotta Have It,1986,6.8
"Corrina, Corrina",1994,6.6
Goal!,2005,6.7
Desert Hearts,1985,7.1
All of Me,1984,6.7
The Cooler,2003,6.9
Bedazzled,1967,6.9
The Prime of Miss Jean Brodie,1969,7.6
Saving Face,2004,7.4
Dear Zindagi,2016,7.5
Heavy,1995,6.8
Hope Gap,2019,6.7
Hævnen,2010,7.6
The Children's Hour,1961,7.8
Kuch Kuch Hota Hai,1998,7.6
Sir,2018,7.8
Keith,2008,7.4
Honsla Rakh,2021,8.0
Damn Yankees,1958,7.1
L'appartement,1996,7.4
Yôjû toshi,1987,6.8
Ma vie de Courgette,2016,7.8
That Night,1992,6.6
The Wackness,2008,7.0
Eye of the Needle,1981,7.1
5x2,2004,6.6
I Capture the Castle,2003,6.9
Gu ling jie shao nian sha ren shi jian,1991,8.4
A Matter of Life and Death,1946,8.1
The Hollars,2016,6.6
The End of the Affair,1999,7.1
Celeste & Jesse Forever,2012,6.6
The Messenger,2009,7.1
Untamed Heart,1993,6.8
Broken Arrow,1950,7.2
Sidney Hall,2017,6.9
Ryan's Daughter,1970,7.4
Far from the Madding Crowd,1967,7.2
Phoenix,2014,7.3
Feast of Love,2007,6.6
Bent,1997,7.2
Night Train to Lisbon,2013,6.8
Wuthering Heights,1992,6.8
Beautiful Thing,1996,7.6
I'll See You in My Dreams,2015,6.7
5 to 7,2014,7.1
Hellfighters,1968,6.6
L'auberge espagnole,2002,7.3
Bulworth,1998,6.8
Titanic,1953,7.0
God's Little Acre,1958,6.6
Lila dit ça,2004,6.9
Vampire Hunter D: Bloodlust,2000,7.7
Circle of Friends,1995,6.6
Darby O'Gill and the Little People,1959,7.2
Rockstar,2011,7.7
Loco por ella,2021,6.6
Soldier's Girl,2003,7.8
The Boy Who Could Fly,1986,6.6
The Purple Rose of Cairo,1985,7.7
Barfi!,2012,8.1
The Wings of the Dove,1997,7.1
Kidô senshi Gandamu: Senkô no Hasauei,2021,6.7
Joyeux Noël,2005,7.7
A United Kingdom,2016,6.9
Miss You Already,2015,6.8
Elegy,2008,6.7
Om Shanti Om,2007,6.7
Peter's Friends,1992,7.0
Wilde,1997,6.9
Ajeeb Daastaans,2021,6.7
Soldaat van Oranje,1977,7.7
The Wood,1999,7.0
Barefoot,2014,6.6
Sennen joyû,2001,7.9
Brassed Off,1996,7.2
Adam,2009,7.2
Truly Madly Deeply,1990,7.3
Latter Days,2003,7.0
Run Fatboy Run,2007,6.6
Dil Chahta Hai,2001,8.1
Sublet,2020,6.9
The Leisure Seeker,2017,6.7
The Nutty Professor,1963,6.7
The Private Life of Sherlock Holmes,1970,7.1
Dev.D,2009,8.0
War and Peace,1956,6.8
The Quiet American,2002,7.0
La meglio gioventù,2003,8.5
Bareilly Ki Barfi,2017,7.5
Loveland,2022,8.1
September Affair,1950,6.7
Jason's Lyric,1994,6.6
Kidulthood,2006,6.8
Le violon rouge,1998,7.6
Dogfight,1991,7.4
La science des rêves,2006,7.3
The Yellow Handkerchief,2008,6.7
The Burning Plain,2008,6.8
Jane Eyre,1996,6.8
Super Sharanya,2022,6.9
Cassandra's Dream,2007,6.7
Sweet Land,2005,7.2
Raanjhanaa,2013,7.6
Kicking and Screaming,1995,6.8
Georgy Girl,1966,6.9
The House of Mirth,2000,7.0
Flirting,1991,7.2
Eagle vs Shark,2007,6.8
Your Sister's Sister,2011,6.7
Black Beauty,1994,6.6
Charly,1968,7.0
Thinkalazhcha Nishchayam,2021,7.8
Film Stars Don't Die in Liverpool,2017,6.7
Ssa-i-bo-geu-ji-man-gwen-chan-a,2006,7.1
Return to Paradise,1998,6.9
Sayonara no asa ni yakusoku no hana o kazarô,2018,7.5
Le dernier métro,1980,7.4
Les amants du Pont-Neuf,1991,7.6
Hors de prix,2006,7.0
An Ideal Husband,1999,6.8
Kabir Singh,2019,7.1
Thoroughly Modern Millie,1967,6.9
The Accidental Tourist,1988,6.8
Home for the Holidays,1995,6.6
Angels and Insects,1995,6.8
Dil Dhadakne Do,2015,6.9
Kamasutra 3D,2013,6.6
The Razor's Edge,1984,6.6
Superman II: The Richard Donner Cut,2006,7.6
Angel-A,2005,7.1
Mohabbatein,2000,7.1
A Prairie Home Companion,2006,6.7
Heaven,2002,7.0
Baisers volés,1968,7.6
Baazigar,1993,7.7
Benjamin,2018,6.7
Love Jones,1997,7.4
Lady Jane,1986,7.1
Sunshine,1999,7.5
Better Luck Tomorrow,2002,7.0
Diqiu zuihou de yewan,2018,7.2
Sweet & Sour,2021,6.7
Hallam Foe,2007,7.0
Rab Ne Bana Di Jodi,2008,7.2
Sanam Teri Kasam,2016,7.5
The Lost City,2005,6.6
Rx 100,2018,7.0
Sunshine on Leith,2013,6.6
Jack et la mécanique du coeur,2013,7.0
Belle Epoque,1992,7.1
Les amours imaginaires,2010,7.1
Monsoon Wedding,2001,7.4
Jab Tak Hai Jaan,2012,6.7
Gekijouban Bishoujo Senshi Sailor Moon Eternal,2021,7.1
Out in the Dark,2012,7.5
Madhuram,2021,7.8
Andaz Apna Apna,1994,8.1
The History Boys,2006,6.8
Sonatine,1993,7.5
Shaadi Mein Zaroor Aana,2017,7.6
Heaven Can Wait,1943,7.4
Main Hoon Na,2004,7.0
Une nouvelle amie,2014,6.6
Hasee Toh Phasee,2014,6.8
October,2018,7.5
My Life Without Me,2003,7.5
Indignation,2016,6.8
Now Is Good,2012,7.1
The Life and Times of Judge Roy Bean,1972,6.9
Come September,1961,7.0
Firelight,1997,7.3
Head in the Clouds,2004,6.6
Welcome,2007,7.0
Venuto al mondo,2012,7.4
En kärlekshistoria,1970,7.4
Venus,2006,7.1
Chaos Theory,2007,6.6
The Last Station,2009,7.0
The Sky Is Pink,2019,7.6
Miss Saigon: 25th Anniversary,2016,8.2
Viceroy's House,2017,6.7
El crimen del Padre Amaro,2002,6.7
A Better Life,2011,7.2
Friendly Persuasion,1956,7.4
Indochine,1992,7.1
Elvis and Anabelle,2007,7.2
Hollywood Ending,2002,6.6
Comet,2014,6.8
The Lucky Ones,2007,6.9
Le mari de la coiffeuse,1990,7.3
Twelfth Night or What You Will,1996,7.2
Xi yan,1993,7.6
Mother and Child,2009,7.2
The Pirates of Penzance,1983,7.1
Sommersturm,2004,7.2
All the Real Girls,2003,6.8
Last Chance Harvey,2008,6.6
Fever Pitch,1997,6.7
Moonlight Mile,2002,6.6
Prefontaine,1997,6.8
The Shape of Things,2003,6.7
Boy Meets Girl,2014,7.1
Still Breathing,1997,6.7
Eega,2012,7.8
Reflections in a Golden Eye,1967,6.8
They Live by Night,1948,7.5
Follow That Dream,1962,6.6
Highway,2014,7.6
Oscar and Lucinda,1997,6.6
Shubh Mangal Saavdhan,2017,6.9
The Cheyenne Social Club,1970,6.9
Freeheld,2015,6.6
The Englishman Who Went Up a Hill But Came Down a Mountain,1995,6.6
Toilet - Ek Prem Katha,2017,7.2
Casse-tête chinois,2013,7.0
The Front Page,1974,7.3
Infinitely Polar Bear,2014,7.0
Elsker dig for evigt,2002,7.5
Dil Se..,1998,7.6
Los amantes del Círculo Polar,1998,7.7
Happythankyoumoreplease,2010,6.8
A Bird of the Air,2011,6.6
Bangalore Days,2014,8.3
Backbeat,1994,6.7
The Greatest,2009,6.6
Dracula Has Risen from the Grave,1968,6.6
The Hunting Party,2007,6.8
Husbands and Wives,1992,7.5
I Wanna Hold Your Hand,1978,6.9
Vicky Donor,2012,7.8
Band Aid,2017,6.6
Priest,1994,7.1
Notebook,2019,7.0
Guide,1965,8.4
Love Letter,1995,7.9
A Little Romance,1979,7.5
Being Julia,2004,7.0
Samba,2014,6.7
Dear Comrade,2019,7.4
Jodhaa Akbar,2008,7.6
Snow Falling on Cedars,1999,6.8
Carry On Cleo,1964,6.7
Love Story,2021,7.1
Tillsammans,2000,7.4
Lantana,2001,7.3
L'arnacoeur,2010,6.7
Bikur Ha-Tizmoret,2007,7.5
Lola,1981,7.5
Japanese Story,2003,6.7
Indian Summer,1993,6.6
The Disappearance of Eleanor Rigby: Him,2013,6.9
Sukkar banat,2007,7.1
Si shi qing chun,2018,6.6
L'amour en fuite,1979,7.1
Creation,2009,6.7
Jiang hu er nü,2018,7.0
Amar te duele,2002,6.6
The Winslow Boy,1999,7.3
Wake Up Sid,2009,7.6
Mies vailla menneisyyttä,2002,7.7
The Nativity Story,2005,6.8
Dil To Pagal Hai,1997,7.0
Manmarziyaan,2018,6.9
À la folie... pas du tout,2002,7.2
Father of the Bride,1950,7.2
Kaabil,2017,7.1
Restoration,1995,6.6
Les invasions barbares,2003,7.6
The Disappearance of Eleanor Rigby: Her,2013,6.9
The Incredibly True Adventure of Two Girls in Love,1995,6.6
The Mudge Boy,2003,7.1
L'ami de mon amie,1987,7.6
The Ballad of Cable Hogue,1970,7.3
Intermission,2003,6.8
A Tree Grows in Brooklyn,1945,8.0
Stealing Home,1988,6.7
La sirène du Mississipi,1969,7.0
Arjun Reddy,2017,8.1
Ruby in Paradise,1993,7.0
"In weiter Ferne, so nah!",1993,7.3
The Brothers McMullen,1995,6.6
Hum Tum,2004,7.0
Lovely & Amazing,2001,6.8
I,2015,7.4
Sakasama no Patema,2013,7.4
Trick,1999,7.2
10.000 Km,2014,6.6
Jailhouse Rock,1957,6.6
Still Crazy,1998,7.0
Conversations with Other Women,2005,7.0
Paris,2008,6.8
Jaane Tu... Ya Jaane Na,2008,7.5
Last Night,1998,7.2
Kontroll,2003,7.6
A Far Off Place,1993,6.6
Love Aaj Kal,2009,6.8
Mal de pierres,2016,6.7
Free Dance,2018,6.9
Renoir,2012,6.6
Dum Laga Ke Haisha,2015,7.5
L'assedio,1998,6.9
Mrs Dalloway,1997,6.7
Une liaison pornographique,1999,7.1
Mahal,1949,7.1
Lage Raho Munna Bhai,2006,8.1
Onegin,1999,6.8
Le Redoutable,2017,6.6
Koi... Mil Gaya,2003,7.1
Zero Effect,1998,6.9
Melody,1971,7.6
Tau ming chong,2007,7.0
Ha-Sodot,2007,7.0
Aashiqui 2,2013,7.0
The Boy Friend,1971,6.9
Barcelona,1994,7.0
Born to Be Blue,2015,6.9
Sur mes lèvres,2001,7.3
Premam,2015,8.3
Vatel,2000,6.6
Vanya on 42nd Street,1994,7.4
The Lady,2011,7.1
Dot the I,2003,6.8
Hum Aapke Hain Koun..!,1994,7.5
Fashion,2008,6.9
Gloria,2013,6.8
The Deep End,2001,6.6
Love Mocktail,2020,8.3
Jo Jeeta Wohi Sikandar,1992,8.2
Outsourced,2006,7.0
Tortilla Soup,2001,6.7
The Great White Hope,1970,6.9
Qarib Qarib Singlle,2017,7.1
Fanaa,2006,7.2
Storytelling,2001,6.8
Come See the Paradise,1990,6.7
Darr,1993,7.8
Griffin & Phoenix,2006,7.0
Walking and Talking,1996,6.7
Lady Chatterley,2006,6.7
Isadora,1968,7.1
Love Mocktail 2,2022,9.3
Faustrecht der Freiheit,1975,7.7
L'enfant,2005,7.4
Presque rien,2000,6.7
Ghajini,2005,7.6
Petulia,1968,7.0
Love Is Strange,2014,6.7
Tere Naam,2003,7.2
Geetha Govindam,2018,7.8
Dream Girl,2019,7.0
Photograph,2019,6.9
Qian xi man bo,2001,7.1
Happy Accidents,2000,7.2
Greenfingers,2000,6.8
Hong gao liang,1988,7.4
2 States,2014,6.9
Fei lung mang jeung,1988,7.2
Dil Diyan Gallan,2019,7.0
Bheeshma,2020,6.7
Die fetten Jahre sind vorbei,2004,7.5
The Rainmaker,1956,6.9
Shooting Fish,1997,6.6
Danny Deckchair,2003,6.7
Restless,2011,6.7
Qismat,2018,8.4
Namastey London,2007,7.1
Howl,2010,6.7
Mother Night,1996,7.1
Awaara,1951,7.9
Le nom des gens,2010,7.2
Rangeela,1995,7.5
Baadshah,1999,6.9
La finestra di fronte,2003,7.3
Cross Creek,1983,7.0
Germinal,1993,7.1
Arya 2,2009,7.4
Awarapan,2007,7.3
Magadheera,2009,7.7
Hungama,2003,7.6
Crown Heights,2017,6.6
Get Real,1998,7.5
The Black Balloon,2008,7.2
Goodbye Again,1961,7.0
Guzaarish,2010,7.5
Liberty Heights,1999,7.0
Populaire,2012,6.9
Starbuck,2011,7.2
Bella Martha,2001,7.2
Yeh Saali Aashiqui,2019,8.0
My Name Is Joe,1998,7.5
Marilyn Hotchkiss' Ballroom Dancing & Charm School,2005,6.6
Partition,2007,6.9
Swept from the Sea,1997,6.8
At Play in the Fields of the Lord,1991,6.9
Wong Fei Hung II: Nam yee tung chi keung,1992,7.4
Fidaa,2017,7.5
Raising Victor Vargas,2002,7.2
Dear Frankie,2004,7.7
Next Stop Wonderland,1998,6.6
Karthik Calling Karthik,2010,7.1
Nuovomondo,2006,6.9
Bhavai,2021,6.6
Love Per Square Foot,2018,7.2
Cosi,1996,6.7
Golmaal,1979,8.6
Yossi & Jagger,2002,7.1
Edmond,2018,7.3
Kedarnath,2018,7.0
Earth,1998,7.7
Hunterrr,2015,7.0
Kabhi Haan Kabhi Naa,1994,7.8
Wo de fu qin mu qin,1999,7.8
Washington Square,1997,6.7
Chalte Chalte,2003,6.6
Kei zik,1989,7.0
La délicatesse,2011,6.6
Song for Marion,2012,7.0
Sordid Lives,2000,6.8
Carrington,1995,6.8
Qismat 2,2021,7.1
Life in a Metro,2007,7.4
A Home at the End of the World,2004,6.7
Sólo con tu pareja,1991,6.9
Das Versprechen,1994,6.7
Proof,1991,7.2
Jack & Sarah,1995,6.7
Gadar: Ek Prem Katha,2001,7.3
Map of the Human Heart,1992,7.1
Sakath,2021,8.5
Karan Arjun,1995,6.8
Snow Angels,2007,6.8
American Heart,1992,6.7
Amantes,1991,7.0
Arya,2004,7.8
Modern Romance,1981,7.0
Lakshya,2004,7.9
Samsara,2001,7.7
Sehari,2022,8.6
Baghban,2003,7.4
Gui lai,2014,7.2
Hum Dil De Chuke Sanam,1999,7.5
Hamari Adhuri Kahani,2015,6.8
Jinde Meriye,2020,7.0
Pane e tulipani,2000,7.3
Rehnaa Hai Terre Dil Mein,2001,7.6
Sonu Ke Titu Ki Sweety,2018,7.1
Intacto,2001,6.9
The Whole Wide World,1996,7.1
Unconditional Love,2002,6.8
Clean,2004,6.8
Da yu hai tang,2016,7.0
Le fate ignoranti,2001,7.3
Heights,2005,6.9
Johnny Stecchino,1991,7.2
L'ultimo bacio,2001,6.9
Saheb Biwi Aur Gangster,2011,7.2
Carmen,1984,7.5
Ghulam,1998,7.3
Sorstalanság,2005,6.9
Bella,2006,7.1
Uppena,2021,6.8
Mughal-E-Azam,1960,8.2
Kakushi ken oni no tsume,2004,7.7
Charulata,1964,8.2
Heat and Dust,1983,6.6
Take Me Home,2011,6.8
Ridicule,1996,7.4
Cantinflas,2014,6.6
Le hussard sur le toit,1995,7.1
Thua Me Con Di,2019,7.5
Bobby Jones: Stroke of Genius,2004,6.7
Eva,2011,6.7
Mambo Italiano,2003,6.7
Adbhutham,2021,7.6
Shall we dansu?,1996,7.7
The Tao of Steve,2000,6.7
Pardes,1997,7.0
TwentyFourSeven,1997,7.1
Der Krieger und die Kaiserin,2000,7.5
Ennu Ninte Moideen,2015,8.0
Silsila,1981,7.3
Pyaar Ka Punchnama 2,2015,7.2
Krámpack,2000,6.7
Big Eden,2000,7.3
Gentleman,2016,7.2
Laila Majnu,2018,7.8
B.A. Pass 3,2021,8.0
The Frame,2014,6.6
Melvin Goes to Dinner,2003,6.8
Shinobi,2005,6.9
"LSD: Love, Sex Aur Dhokha",2010,7.1
Rawhide,1951,7.2
La fille sur le pont,1999,7.5
Qayamat Se Qayamat Tak,1988,7.5
The Man from Elysian Fields,2001,6.6
Taal,1999,6.7
Once Upon a Time in Mumbaai,2010,7.4
It's My Party,1996,7.2
Raincoat,2004,7.7
Wilbur Wants to Kill Himself,2002,6.8
Simple Men,1992,7.2
Charlie,2015,8.1
Wrestling Ernest Hemingway,1993,7.0
L'uomo delle stelle,1995,7.4
De De Pyaar De,2019,6.6
Sairat,2016,8.3
Trois souvenirs de ma jeunesse,2015,6.8
Bluffmaster!,2005,6.6
Cairo Time,2009,6.6
Trolösa,2000,7.4
"Buona Sera, Mrs. Campbell",1968,6.8
Dinner Rush,2000,7.3
Obsluhoval jsem anglického krále,2006,7.4
Band Baaja Baaraat,2010,7.2
Gypsy 83,2001,6.8
Et mourir de plaisir,1960,6.6
Numb,2007,6.6
Music Within,2007,7.3
Mozart and the Whale,2005,6.8
Arth,1982,7.9
Ramayana: The Legend of Prince Rama,1992,9.1
Dummy,2002,6.7
Dedication,2007,6.7
Sethu,1999,8.1
Jane Wants a Boyfriend,2015,6.8
Marianne & Leonard: Words of Love,2019,7.0
Italiensk for begyndere,2000,7.1
Double Happiness,1994,7.0
I Like It Like That,1994,6.8
Juana la Loca,2001,6.6
Ishq,1997,6.9
Gupt: The Hidden Truth,1997,7.3
Pelli Choopulu,2016,8.2
Sunshine State,2002,6.8
Reconstruction,2003,7.4
Woh Kaun Thi?,1964,7.6
Le goût des autres,2000,7.2
Vivah,2006,6.6
Ruang rak noi nid mahasan,2003,7.5
Harrison's Flowers,2000,7.1
Baran,2001,7.8
Fresa y chocolate,1993,7.4
Lymelife,2008,6.9
Confidences trop intimes,2004,7.0
The Emperor's New Clothes,2001,6.9
La dentellière,1977,7.6
The Moderns,1988,6.6
Oh My Kadavule,2020,8.1
"Life, Animated",2016,7.5
Pretty Poison,1968,7.1
"Yao a yao, yao dao wai po qiao",1995,7.1
Majili,2019,7.3
Kuryer,1986,7.9
"Patrik 1,5",2008,6.9
Meet the Patels,2014,7.2
A Town Like Alice,1956,7.2
Kappela,2020,7.6
My First Mister,2001,7.2
Pakeezah,1972,7.3
Mifunes sidste sang,1999,7.1
Dil Hai Ki Manta Nahin,1991,7.3
The Trip,2002,7.1
Iyobinte Pusthakam,2014,7.7
Yes Boss,1997,6.8
Gekijô-ban - Bishôjo senshi Sêrâ Mûn R,1993,7.7
Chup Chup Ke,2006,6.9
Oh Manapenne,2021,7.4
De Tweeling,2002,7.4
Jaanu,2020,7.0
Dia,2020,8.2
Kaho Naa... Pyaar Hai,2000,6.9
Conte d'automne,1998,7.5
Yatra,2018,8.1
Varuthapadatha Valibar Sangam,2013,6.9
That's What I Am,2011,7.0
Sumeru,2021,7.2
Tanu Weds Manu,2011,6.8
Plots with a View,2002,6.6
Living Out Loud,1998,6.6
Sachein,2005,7.4
Virasat,1997,7.5
Sillunu Oru Kadhal,2006,7.1
Focus,2001,6.7
Thanneer Mathan Dhinangal,2019,7.9
Rang De,2021,6.6
Ye Maaya Chesave,2010,7.7
Choose Me,1984,6.8
Nenu Sailaja,2016,7.0
The Ballad of Little Jo,1993,6.7
Tanu Weds Manu Returns,2015,7.6
Khiladi,1992,7.2
Chitralahari,2019,7.2
Ae Fond Kiss...,2004,7.1
Lootera,2013,7.3
O Homem Que Copiava,2003,7.6
Mr Perfect,2011,7.1
Nuvvu Naaku Nachchav,2001,8.7
Roja,1992,8.2
Luca,2019,7.2
The Theory of Flight,1998,6.6
Maragadha Naanayam,2017,7.1
The First Grader,2010,7.4
Dil,1990,6.7
Vaaranam Aayiram,2008,8.2
The Waterdance,1992,6.8
Bamfaad,2020,7.1
Golden Treasure,2016,8.3
Fukrey,2013,6.9
Pyaar Ka Punchnama,2011,7.6
Bombay,1995,8.1
Raaz,2002,6.6
Crazy Love,2007,7.1
Naseeb,1981,7.1
Aitraaz,2004,6.6
Walking Across Egypt,1999,7.2
Deewana,1992,6.9
Classmates,2015,7.4
Sekai meisaku dôwa: Hakuchô no mizûmi,1981,7.7
Pyaasa,1957,8.5
Maine Pyar Kiya,1989,7.3
Karz,1980,7.5
Solomon and Gaenor,1999,6.8
Varane Avashyamund,2020,6.9
Edges of the Lord,2001,6.8
Ti Saddhya Kay Karte,2017,7.9
Kannum Kannum Kollaiyadithaal,2020,7.7
Fire,1996,7.2
Saagar,1985,7.1
Rocky,1981,6.9
Love! Valour! Compassion!,1997,7.0
The Work and the Glory,2004,6.7
Socha Na Tha,2005,7.4
Naanum Rowdydhaan,2015,7.3
Neelakasham Pachakadal Chuvanna Bhoomi,2013,7.7
Mera Saaya,1966,7.6
Agnes Browne,1999,6.6
The Heart of Me,2002,6.6
Kaadhal Konden,2003,8.0
Ninnu Kori,2017,7.5
Different for Girls,1996,7.0
Okkadu,2003,8.0
Lamhe,1991,7.4
Barsaat,1949,7.7
Jing Ke ci Qin Wang,1998,7.2
Once Again,2018,7.0
Angrezi Mein Kehte Hain,2018,6.8
Kadhalum Kadanthu Pogum,2016,7.4
Artemisia,1997,6.7
Blackbird,2018,6.8
Bhale Bhale Magadivoy,2015,7.8
Kapurush,1965,7.7
On a Clear Day,2005,6.9
Pyaar To Hona Hi Tha,1998,6.7
Waqt,1965,7.8
Ram Teri Ganga Maili,1985,6.7
Parugu,2008,7.1
Vinnaithaandi Varuvaayaa,2010,8.1
Bon voyage,2003,6.8
Parineeta,2019,7.4
Poove Unakkaga,1996,8.7
The Sign of Zorro,1958,7.0
Ajay,2006,7.1
7/G Rainbow Colony,2004,7.9
Free Enterprise,1998,6.8
Kabhie Kabhie,1976,7.4
3,2012,7.3
OK Kanmani,2015,7.4
Minsaara Kanavu,1997,6.9
Hashar: A Love Story...,2008,7.0
Moothon,2019,7.5
Dhummas,2021,7.3
Fauteuils d'orchestre,2006,6.7
Andaz,1971,6.7
Malibu Road,2021,7.3
Johny Mera Naam,1970,7.4
Est - Ouest,1999,7.4
Shikari,2016,6.8
Charly,2002,6.6
Happy,2006,7.1
Sadma,1983,8.4
Kotigobba 3,2021,6.6
Chori Chori,1956,7.7
A Holiday Chance,2021,7.3
Brindaavanam,2010,7.2
The Tango Lesson,1997,6.8
Thattathin Marayathu,2012,7.4
Nabab Nandini,2007,6.7
Anari,1959,7.9
Orange,2010,6.7
Saajan,1991,7.3
Diamond Necklace,2012,7.2
Maara,2021,7.6
The Beautiful Risk,2013,7.7
Sillu Karuppatti,2019,8.1
This Is My Father,1998,7.0
Sufna,2020,8.1
Middle Class Melodies,2020,7.8
100% Love,2011,7.0
Miss Lovely,2012,8.0
Time Please,2013,7.1
Seeta Aur Geeta,1972,6.8
Thoovanathumbikal,1987,8.6
Deewana Mastana,1997,6.7
Manmadhan,2004,7.2
Aurora Borealis,2005,6.7
Hello,2017,7.4
Manoranjan,1974,6.8
Do Raaste,1969,7.0
Yaaradi Nee Mohini,2008,7.3
Heer Raanjha,1970,7.1
Manmadhudu,2002,8.3
Siva Manasula Sakthi,2009,7.1
Kandukondain Kandukondain,2000,7.7
Mayaanadhi,2017,7.8
Tholi Prema,1998,8.3
Woh 7 Din,1983,7.6
Classmates,2006,8.1
Nikka Zaildar,2016,7.5
Jannat: In Search of Heaven...,2008,7.0
Ishqiya,2010,7.3
Chupke Chupke,1975,8.3
Hey Jude,2018,6.8
Taj Mahal,1963,6.7
Jangal Mein Mangal,1972,6.8
Hum Kisise Kum Naheen,1977,7.2
Sagara Sangamam,1983,8.8
Piya Ka Ghar,1972,6.8
Les voleurs,1996,6.8
Lemale et ha'halal,2012,6.7
Minnale,2001,7.6
Jatt & Juliet 2,2013,7.4
Dedh Ishqiya,2014,7.0
"Hey There, It's Yogi Bear",1964,6.6
Mugulu Nage,2017,7.6
Raju Ban Gaya Gentleman,1992,6.8
Schlafes Bruder,1995,7.0
Malliswari,2004,7.8
Haathi Mere Saathi,1971,6.9
Anarkali,2015,7.0
99 Songs,2019,7.1
Félix et Meira,2014,6.7
Anamika,1973,7.1
Devdas,1955,7.9
Ninna Sanihake,2021,7.3
Ayalum Njanum Thammil...,2012,8.0
Mausam,1975,8.1
Maryan,2013,7.1
"Ano natsu, ichiban shizukana umi",1991,7.5
Yes,2004,6.6
White Frog,2012,6.8
Shuffle,2011,6.6
Two Family House,2000,7.2
The Happy Years,1950,6.9
Purab Aur Pachhim,1970,7.4
Tholi Prema,2018,7.3
Taxi Driver,1954,7.0
Hatya,1988,6.9
Oficir s ruzom,1987,7.5
No Entry,2005,6.6
Bobby,1973,7.1
Padosan,1968,8.1
2 Cool 2 Be 4gotten,2016,6.7
Illusion,2004,7.0
Saathiya,2002,6.8
Hayop ka!,2020,6.8
Pyaar Prema Kaadhal,2018,6.6
Thenkasipattanam,2000,7.5
Escaflowne,2000,6.7
Induvadana,2022,8.0
Adavi Ramudu,1977,7.3
Zelary,2003,7.6
Angel Baby,1995,7.0
Raja Vaaru Rani Gaaru,2019,7.5
Jatt & Juliet,2012,7.5
Neer Dose,2016,8.1
Roseanna's Grave,1997,7.2
Mujhse Shaadi Karogi,2004,6.7
Parinda,1989,7.8
L'Anglaise et le duc,2001,6.9
Khushi,2001,8.0
The Price of Milk,2000,6.7
Waqt: The Race Against Time,2005,6.8
Super Machi,2022,9.2
Om,1995,8.8
Red Wing,2013,6.6
Ohm Shanthi Oshaana,2014,7.7
Chandni,1989,6.8
Billy's Hollywood Screen Kiss,1998,6.7
"Niagara, Niagara",1997,7.0
The Luzhin Defence,2000,6.9
Gangster,2006,7.1
What's Cooking?,2000,6.9
Ethir Neechal,2013,6.8
L'école de la chair,1998,6.6
Broderskab,2009,7.0
Haasil,2003,7.6
Nabab,2017,7.4
Punnagai Mannan,1986,7.8
Googly,2013,7.4
Sharato Lagu,2018,7.6
Sweet November,1968,6.9
Breakfast with Scot,2007,6.8
Ashke,2018,7.1
A Aa,2016,6.9
Andaz,1949,7.2
Utsav,1984,7.0
Anpadh,1962,6.6
Mr. And Mrs. Ramchari,2014,7.4
Chalthe Chalthe,2018,8.9
Oosaravelli,2011,6.6
Doosara Aadmi,1977,7.0
Gekijô-ban - Bishôjo senshi Sêrâ Mûn S,1994,7.7
Miss U Mister,2019,8.5
Hum Hain Rahi Pyar Ke,1993,7.4
Pukar,2000,6.8
Upkar,1967,7.6
Jheel Ke Us Paar,1973,7.4
Bojhena Shey Bojhena,2012,7.6
Love Serenade,1996,6.8
Muskurahatein,2017,8.1
1942: A Love Story,1994,7.2
Minsara Kanna,1999,7.3
China Town,1962,7.0
Ghar,1978,7.0
Mr. & Mrs. '55,1955,7.2
Andala Rakshasi,2012,7.2
Munthirivallikal Thalirkkumbol,2017,7.0
A Day in the Life of a Teddy Bear,2020,7.4
Caravan,1971,6.8
Jab Pyar Kisise Hota Hai,1961,6.8
Kaksparsh,2012,7.9
Parineeta,2005,7.2
Christmas Angel,2009,6.6
Lilies - Les feluettes,1996,7.4
Jis Desh Men Ganga Behti Hai,1960,7.3
Putt Jattan De,1983,7.6
The Deep Blue Sea,1955,6.6
Griha Pravesh,1979,7.1
Love Sorries,2021,8.9
The Hammer,2007,7.2
Sammohanam,2018,7.6
Power Paandi,2017,7.5
Dharmatma,1975,6.7
Paruthiveeran,2007,8.2
Cheeni Kum,2007,6.8
Huhwihaji anha,2006,7.0
Premam Poojyam,2021,8.7
Mundaasupatti,2014,7.6
Kadhalan,1994,7.2
Interlude,1968,6.7
Roti,1974,6.8
Amar Prem,1972,8.2
Angrej,2015,8.5
Girls Will Be Girls,2003,7.0
Dom durakov,2002,7.1
Ishq,2019,7.5
Teri Meri Nahi Nibhni,2021,8.0
Once Upon a Time... When We Were Colored,1995,7.2
Naya Daur,1957,8.0
Mann Fakiraa,2020,8.0
Mungaru Male,2006,8.3
Mel Karade Rabba,2010,7.2
Saahasam Swaasaga Saagipo,2016,6.7
The Hanging Garden,1997,6.9
Shree 420,1955,8.0
Forbidden,1984,6.6
Sangam,1964,7.5
Aandhi,1975,8.1
Chacun cherche son chat,1996,6.8
Inkenti Nuvve Cheppu,2017,8.6
Eeshwar,1989,7.2
You Have a Nice Flight,2017,7.3
Abhiyude Katha Anuvinteyum,2018,6.8
Picture Bride,1994,6.6
Prem Pujari,1970,6.9
"Lovely, Still",2008,7.1
Kadhalukku Mariyadhai,1997,8.3
Ram Lakhan,1989,6.8
Chaudhvin Ka Chand,1960,7.2
Gitanjali,1989,8.3
Ravanaprabhu,2001,7.1
Chôjikû Yôsai Macross: Ai Oboeteimasuka,1984,7.8
Swathi Muthyam,1986,8.3
Taramani,2017,7.5
Pyar Hi Pyar,1969,7.0
Gantumoote,2019,8.2
Njandukalude Naattil Oridavela,2017,7.0
Bhala Pae Tate 100 Ru 100,2015,8.3
Yaadon Ki Baaraat,1973,7.4
Dòng máu anh hùng,2007,6.9
La veuve de Saint-Pierre,2000,7.2
Bandini,1963,7.6
The Girl from Nagasaki,2013,7.0
Hulchul,2004,7.0
Satte Pe Satta,1982,7.2
Coolie,1983,6.6
Amar,1954,6.9
Kaavalan,2011,7.1
Kattappanayile Rithwik Roshan,2016,7.1
Manu,2018,7.9
Mungaru Male 2,2016,6.7
Sharaabi,1984,7.4
Tum Bin...: Love Will Find a Way,2001,7.5
Hello Guru Prema Kosame,2018,7.1
Samadhi,1972,6.7
Teen Devian,1965,7.0
An Evening in Paris,1967,6.9
Okka Kshanam,2017,7.0
Look Both Ways,2005,7.0
Suraj Ka Satvan Ghoda,1992,8.0
Kuchh Bheege Alfaaz,2018,7.5
Sridevi Soda Center,2021,6.8
Ole Kanda Naal,2021,8.5
Elsa y Fred,2005,7.5
Comme une image,2004,6.9
Shiriusu no densetsu,1981,7.1
American Friends,1991,6.7
Valentín,2002,7.5
Leader,1964,7.4
Madrasapattinam,2010,7.8
Pathinaru Vayathinile,1977,8.1
Sankarabharanam,1980,8.7
Run Raja Run,2014,7.4
Guru Dakshina,1987,7.1
Neel Kamal,1968,6.9
Chi La Sow,2018,7.8
Laiye Je Yaarian,2019,7.0
Anand,2004,7.9
Shala,2011,8.2
Sapnon Ka Saudagar,1968,7.2
Pyaar Kiya To Darna Kya,1998,6.7
Vaalee,1999,8.0
Carry on Maratha,2015,8.2
Thirumalai,2003,7.3
Kumari 21F,2015,7.7
Tmavomodrý svet,2001,7.2
Rabb Ne Banaiyan Jodiean,2006,7.3
Mugil Pete,2021,8.0
Yakeen,1969,7.0
Krishna Gaadi Veera Prema Gaadha,2016,7.5
Gekkô no sasayaki,1999,6.9
Yeh Vaada Raha,1982,7.2
Ciao,2008,6.6
The Last Days of Chez Nous,1992,6.6
Chameli Ki Shaadi,1986,7.5
Miles of Love,2021,9.7
Raja Rani,2013,7.6
Country Life,1994,6.7
Déjà Vu,1997,7.1
Vaayai Moodi Pesavum,2014,6.7
Mr. Natwarlal,1979,6.6
Zamaane Ko Dikhana Hai,1981,6.8
Faactory,2021,7.2
Bandhan,2004,6.8
Kala Bazar,1960,7.3
Mehboob Ki Mehndi,1971,6.7
Muqaddar Ka Sikandar,1978,7.5
Mental Madhilo,2017,7.6
Kaadhal,2004,7.5
Jurmana,1979,6.9
Atithi Devobhava,2022,7.8
Me Myself I,1999,6.6
Running Shaadi,2017,6.6
Stonewall,1995,7.0
Oru Indian Pranayakatha,2013,6.7
Mr & Mrs Sadachari,2016,7.2
Ninnila Ninnila,2021,7.6
Cobalt Blue,2021,8.1
Simple Agi Ondh Love Story,2013,8.1
Beti Bete,1964,6.8
Prem Geet,1981,7.8
Va savoir,2001,6.9
Malli Malli Idhi Rani Roju,2015,7.5
Iyarkai,2003,7.6
Comedy Couple,2020,7.6
Starting Out in the Evening,2007,7.0
Godfather,1991,8.6
Bishôjo senshi Sêrâ Mûn super S: Sêrâ 9 senshi shûketsu! Burakku dorîmu hôru no kiseki,1995,7.5
Chennai 600028 II: Second Innings,2016,7.0
En sång för Martin,2001,6.9
SriKrishna@gmail.com,2021,8.5
Aadi,2002,7.3
Guna,1991,8.2
Malli Raava,2017,8.0
Huttu Habbada Shubhashayagalu,2021,8.9
Madhumati,1958,8.0
Loafer,1973,6.6
Feng yue,1996,6.7
Meyaadha Maan,2017,7.2
Suryavamsam,1997,7.7
30 Rojullo Preminchadam Ela,2021,7.8
Kanamachi,2013,6.8
Frankie Starlight,1995,6.6
Merise Merise,2021,7.5
Don't Let Me Drown,2009,6.6
Nachom-ia Kumpasar,2015,8.6
Swayamvar,1980,7.4
Heer Ranjha: A True Love Story,2009,6.8
The U.S. vs. John Lennon,2006,7.3
Rang Rasiya,2008,7.1
Luv Ni Love Storys,2020,7.2
Khilona,1970,7.2
Sayonee,2020,7.5
5 Sundarikal,2013,6.9
Anupama,1966,7.4
Dandupalya 4,2019,7.3
Padayappa,1999,8.2
Badaltey Rishtey,1978,6.7
Cake,2018,7.7
Noah's Arc: Jumping the Broom,2008,6.8
Rajkumar,1964,6.9
Milan,1967,6.8
Namukku Parkkan Munthiri Thoppukal,1986,8.4
Manmatha Leelai,1976,6.7
Idiot,2002,7.1
...Yahaan,2005,7.4
Santhosh Subramaniyam,2008,7.5
Paying Guest,1957,7.0
Ek Duuje Ke Liye,1981,7.5
Satyam Shivam Sundaram: Love Sublime,1978,7.1
Anhonee,1973,7.0
Half Ticket,1962,7.4
Kora Kagaz,1974,7.4
Mastana,1970,7.0
Maro Charithra,1978,7.5
Aa Dinagalu,2007,8.0
Oohalu Gusagusalade,2014,7.7
Saudagar,1991,6.8
Ikko Mikke,2020,8.2
Lawless Heart,2001,6.7
Parakh,1960,6.9
Umi wa miteita,2002,7.0
Pyaar Ke Side Effects,2006,6.7
Mahal,1970,6.6
Aavishkar,1974,7.0
Laddu,2021,8.3
Moondram Pirai,1982,8.6
Ippudu Kaaka Inkeppudu,2021,6.7
Prem Kahani,1975,6.6
Aa Gale Lag Jaa,1973,7.2
London Love Story,2016,7.4
Run,2002,7.1
Lan Yu,2001,7.1
Nikka Zaildar 2,2017,6.7
Dear Nathan,2017,7.0
Jab Jab Phool Khile,1965,7.0
Ghilli,2004,8.0
Bommarillu,2006,8.2
Mumbai Pune Mumbai,2010,8.0
Endrendrum Punnagai,2013,6.8
Pelli Sandadi,1996,7.1
Salt n' Pepper,2011,7.4
Vettam,2004,7.0
Kaakha..Kaakha: The Police,2003,8.1
Life Before Wedding,2010,7.1
All About You,2001,6.7
Kala Pani,1958,7.2
Albela,1951,7.0
Gabrielle,2013,7.0
Play Back,2021,8.0
Aradhana,1969,7.7
Reshma Aur Shera,1971,6.8
Love in Tokyo,1966,6.8
Männer wie wir,2004,6.7
Love for Rent,2005,6.9
Mounam Pesiyadhe,2002,7.8
Oh My Friend,2011,6.6
Aanandam,2016,7.2
Godavari,2006,7.8
Inconscientes,2004,7.2
Aan,1952,7.0
Nallavanukku Nallavan,1984,7.0
Aah,1953,7.2
Express Raja,2016,7.0
Mouna Ragam,1986,8.5
Janaan,2016,7.1
Ee Parakkum Thalika,2001,7.4
Rhythm,2000,7.6
My Son the Fanatic,1997,6.8
Bhairava Dweepam,1994,8.0
Engeyum Eppodhum,2011,7.9
Ghare & Baire,2018,6.6
Talash,1969,6.6
Notebook,2006,7.0
Enga Veetu Pillai,1965,7.1
Rang Panjab,2018,7.7
Chachi 420,1997,7.4
Bahu Begum,1967,6.7
Bombai Ka Babu,1960,7.2
Jump Tomorrow,2001,7.1
Idhayam,1991,6.9
Sangee,2003,7.0
Nirmala Convent,2016,7.1
Km. 0,2000,7.0
Miracle in the Rain,1956,7.1
Daag,1952,7.1
Aatagara,2015,8.0
Neevevaro,2018,6.9
Hum Dono,1961,7.5
Hollow Reed,1996,7.2
Man of the Century,1999,7.0
"Was tun, wenn's brennt?",2001,6.8
Mumbai Pune Mumbai 2,2015,6.8
Antaheen,2009,7.9
Jhankaar Beats,2003,7.2
The Indian,2007,6.8
Chunhyangdyun,2000,7.1
Coolie No. 1,1995,6.6
Betaab,1983,6.6
Love Ni Bhavai,2017,8.4
Vasantha Maligai,1972,6.8
Anuraga Karikkin Vellam,2016,7.2
Ricky,2016,7.8
Kaaviya Thalaivan,2014,7.6
Nagin,1954,6.8
Dandelion,2004,6.8
Saptapadi,1961,8.2
Bazodee,2015,6.7
Kabaddi Kabaddi Kabaddi,2019,7.6
Patthar Ke Sanam,1967,6.6
Ninne Pelladatha,1996,7.5
The Japanese Wife,2010,7.6
Punjabi House,1998,8.1
Sadda Adda,2012,7.1
Yahudi,1958,7.2
Anuradha,1960,6.6
Mozhi,2007,8.0
Mazhayethum Munpe,1995,7.4
Ek Baar Kaho,1980,6.8
Attakathi,2012,7.2
Tere Ghar Ke Samne,1963,7.5
Aadavari Matalaku Ardhalu Verule,2007,7.5
Izzat,1968,7.1
Mujhe Jeene Do,1963,6.7
Bhajjo Veero Ve,2018,7.2
Nonsense,2018,7.1
Haani,2013,7.1
Romantic Criminals,2019,8.4
Mukti,1977,7.3
Madhuram,2014,8.3
Thamasoma Jyothirgamaya,2021,8.5
Deedar,1951,7.6
Sweety Satarkar,2020,7.5
Wild Man Blues,1997,6.9
Anegan,2015,6.7
Mr & Miss,2021,6.8
Dancing in the Rain,2018,8.2
Kal Aaj Aur Kal,1971,6.9
Chandralekha,1997,7.5
Yanda Kartavya Aahe,2006,6.6
Baazi,1951,7.3
Aaye Din Bahar Ke,1966,6.6
Coffee Ani Barach Kahi,2015,7.2
Ikkat,2021,7.1
Moonpie,2006,7.7
Jodi Love Dile Na Prane,2014,7.5
Badri,2000,7.2
Premi,2004,7.1
Gaalipata,2008,8.0
Thillana Mohanambal,1968,7.4
Apradh,1972,7.0
Kaathala Kaathala,1998,7.5
Victoria No. 203,1972,7.1
Aval Oru Thodar Kathai,1974,7.3
Chhaya,1961,7.2
Jeene Ki Raah,1969,6.9
Tum Haseen Main Jawan,1970,7.0
Ankhiyon Ke Jharokhon Se,1978,7.2
Shaadi Mubarak,2021,7.0
Kotha Bangaru Lokam,2008,6.8
Perri,1957,6.7
Solva Saal,1958,7.0
Punks,2000,7.1
"The Bread, My Sweet",2001,6.6
Meesaya murukku,2017,7.6
Devadasu,1953,7.5
Uran Khatola,1955,7.5
Sharafat,1970,7.1
Vinodayathra,2007,7.1
Roti Kapada Aur Makaan,1974,6.9
Tawaif,1985,7.1
Ahista Ahista,2006,7.0
Oru Thalai Raagam,1980,7.6
Galatta Kalyanam,1968,7.5
Appu,2002,8.1
Padamati Sandhya Ragam,1987,7.9
Boy Friend,1961,7.6
Ranathanthra,2016,6.6
Sangdil,1952,7.4
Kadhalil Sodhappuvadhu Yeppadi,2012,7.1
Katheyondu Shuruvagide,2018,7.3
Laila Majnu,1976,7.2
Shudhu Tomari Jonyo,2015,6.8
Santosham,2002,7.1
Ramji Londonwaley,2005,6.7
"Love, Ludlow",2005,6.6
Badnaam,2020,6.9
Dana Kayonu,2016,7.2
Sathihara,2006,6.9
Mirza Ghalib,1954,7.0
Eeda,2018,7.1
My Autograph,2006,7.5
Hyderabad Blues,1998,7.2
Jessu Jordaar,2021,8.6
Hariyali Aur Rasta,1962,7.0
Sreedharante Onnam Thirumurivu,1987,6.8
Time Pass,2014,7.6
June,2019,7.4
Evadi Gola Vadide,2005,6.6
Rathinirvedam,1978,6.7
Gazal,1964,7.3
Kissise Na Kehna,1983,7.3
Meendum Oru Kadhal Kadhai,2016,6.6
Dil Tera Diwana,1962,7.1
Chasani,2019,8.5
Jhuk Gaya Aasman,1968,6.8
Chhalia,1960,7.4
Mogra Phulaalaa,2019,6.6
"Tattoo, a Love Story",2002,6.7
Parineeta,1953,7.0
Destiny,2014,8.0
Pyar Kiya Toh Nibhana,2021,8.0
Gambler,1971,6.6
Vijetha,1985,7.3
Baharen Phir Bhi Aayengi,1966,7.1
Aag,1948,7.4
Biwi-O-Biwi,1981,7.0
Kismath,2016,6.7
One Week,2000,6.6
Pirem,2021,9.8
Honey Trap,2021,8.1
Niram,1999,7.1
Mamta,1966,7.0
Namma Basava,2005,8.5
Prem Patra,1962,7.6
Ninaithale Inikkum,1979,6.8
Faraar,1975,6.9
Swarnakamalam,1988,7.9
Chalo Premiddam,2021,8.1
Maldeamores,2007,7.0
Himalay Ki Godmein,1965,7.0
Dramebaaj,2021,9.8
Priyatama,1978,6.8
Googly,2019,7.2
Sajan,1969,7.2
Kariya,2003,7.7
Utthara,2020,8.7
Yamagola,1977,6.7
Tumsa Nahin Dekha,1957,7.1
Bipasha,1962,7.6
Milan Tithi,1985,7.0
Huccha,2001,7.4
Tarak,2017,7.3
Kalyanam,2018,6.7
Johnny,1980,7.5
Thalavattam,1986,7.9
Sip si 32 dou,1996,6.7
The Great Story of Sodabuddi,2016,6.9
Idi Maa Prema Katha,2017,6.8
P Se Pyaar F Se Faraar,2019,6.8
Gho Gho Rani,2019,9.1
Nandanam,2002,7.3
Choodalani Vundi,1998,7.1
Nadiya Ke Paar,1982,7.9
Wrong No.,2015,6.6
Pyar Ka Mausam,1969,6.8
Aniyathi Pravu,1997,7.2
Abhinetri,1970,6.8
Dil Hi To Hai,1963,7.1
Three Wise Cousins,2016,6.9
Daayraa,1996,7.4
Nau Do Gyarah,1957,6.9
Kab? Kyoon? Aur Kahan?,1970,6.8
Chori Mera Kaam,1975,7.0
Vennela,2005,7.0
Tera Mera Ki Rishta,2009,6.7
Long Da Lishkara,1983,8.0
Ente Mezhuthiri Athazhangal,2018,7.2
Mere Sanam,1965,7.2
Uyyala Jampala,2013,7.2
Mr Lonely,2021,8.6
Has Jhan Pagli Fas Jabe,2019,8.5
Finding Fatimah,2017,6.6
Chiru Navvuto,2000,7.2
Aitbaar,1985,7.0
Seres queridos,2004,6.9
Oru Pakka Kathai,2020,7.0
Love,2008,7.4
Samyuktha,1988,7.0
Raaja Paarvai,1981,7.1
Priyuraalu,2021,7.2
Hero,1983,6.8
Saathi,1968,7.2
L'accompagnatrice,1992,7.0
Tippu,2015,6.7
Sujata,1960,7.4
Heiran,2009,6.7
Mela,1948,7.2
Premaloka,1987,7.6
Char Diwari,1961,6.7
Hampi,2017,6.8
Prema Nagar,1971,8.2
Veera,1994,6.7
Theeram,2021,7.8
Chanthupottu,2005,6.6
Amrutha Varshini,1997,8.4
Sharey Chuattar,1953,8.2
Maa Baap,1960,7.3
Preminchukundam Raa,1997,7.2
Karsandas Pay and Use,2017,7.7
Hrudayantar,2017,8.3
De Mai tính,2010,6.6
Goat on Fire and Smiling Fish,1999,7.5
Mandira,1990,7.8
36 Chowringhee Lane,1981,7.5
Shadow Magic,2000,6.9
Highway to Dhampus,2014,7.8
Vandanam,1989,7.9
Miss Match,2014,7.0
Kokila,1977,7.7
Prem Shastra,1974,6.7
Njan Gandharvan,1991,7.5
Love Me,2017,6.6
Ananthu V/S Nusrath,2018,8.6
Harikrishnans,1998,6.9
Yaathra,1985,8.1
Chanti,1992,6.9
Bye Bye Blues,1989,7.1
Pulanaivu,2019,6.8
Just U & Me,2013,7.7
Gulabi,1996,7.0
Red Betsy,2003,7.0
Kerintha,2015,6.7
Innale,1989,8.0
Kendasampige,2015,8.3
Forever Fever,1998,6.8
Ennodu Para I Love You Ennu,2019,7.5
Pinneyum,2016,6.6
Daag: A Poem of Love,1973,7.0
My Name Is Raja,2020,7.3
Swapnarajyam,2019,7.5
Keep the River on Your Right: A Modern Cannibal Tale,2000,6.8
Munthiri Monchan,2019,7.8
Thomas est amoureux,2000,7.1
Chala Murari Hero Banne,1977,7.0
Love Marriage,1959,7.7
Chhailla Babu,1977,6.8
Kalathur Kannamma,1960,6.6
Patham Classile Pranayam,2019,7.8
Wayward: The Prodigal Son,2014,7.0
Ek Phool Char Kante,1960,6.9
Priyotama,2006,7.2
Nilaave Vaa,1998,7.4
Kidu,2018,6.6
Prema,1989,7.2
Ghar Jamai,2008,7.8
Prem Ki Bujhini,2016,6.6
Dastan,1950,6.9
Insaniyat,1955,7.5
Jiilka,2020,7.6
Athaku Yamudu Ammayiki Mogudu,1989,7.1
Ziddi,1964,6.9
Mithun,2018,7.1
Mohabbat Isko Kahete Hain,1965,6.9
Bewafa,1952,7.6
Ivan Yarendru Therikiratha,2017,7.9
Zara Si Zindagi,1983,7.7
LuvUTurn,2019,7.4
Ishq Tu Hi Tu,2015,7.5
Kanni Maadam,2020,7.3
Farewell Restaurant,2019,6.7
Hit and Runway,1999,6.6
Prem Amar,2009,6.8
Bavagaru Bagunnara?,1998,7.1
Just Maath Maathalli,2010,7.2
Borrowed Life Stolen Love,1997,6.6
Premaabhishekam,1981,7.4
My Love,1970,6.8
The Dog Wedding,2015,7.6
Oonche Log,1965,7.5
Sri Krishnarjuna Yudham,1963,8.1
Bindass,2008,7.3
Ayal Kadha Ezhuthukayanu,1998,7.0
Mazhavil Kavadi,1989,7.2
Nazrana,1961,7.0
Cheluvina Chittara,2007,6.7
Suswagatham,1997,7.2
Kanaa Kanden,2005,6.6
Jhanak Jhanak Payal Baaje,1955,6.7
Saarathi,2011,7.3
Abhilasha,1968,7.2
Maharshi,1988,8.0
Un Samayal Arayil,2014,6.9
Chinar Daastaan-E-Ishq,2015,7.1
KISS: Keep It Simple Stupid,2013,6.8
Baaz,1953,7.3
Coping,2000,7.1
Paagalpan,2001,6.8
Chowka,2017,8.2
Cuckoo,2014,7.8
Dasara Bullodu,1971,7.8
Madurai Veeran,1956,7.9
Maa,1957,7.2
Moondru Mudichu,1976,7.1
Xiao cheng zhi chun,2002,6.9
Oronnonnara Pranayakadha,2019,6.9
Bawre Nain,1950,7.1
Chuyen tình xa xu,2009,6.6
Shama,1961,6.9
Ormayil Oru Shishiram,2019,6.8
Subhadram,2007,8.8
Sanju Weds Geetha,2011,6.6
Seethakoka Chilaka,1981,7.7
Aalo Chhaya,2014,7.9
Manchali,1973,6.6
Intinti Ramayanam,1979,7.8
Srinivasa Kalyana,2017,7.7
Jaaneman,1976,6.7
Chillicothe,1999,6.6
Meet Me in Miami,2005,7.2
Kavirathna Kaalidaasa,1983,8.3
Kanhaiya,1959,6.7
Aradhana,1987,7.0
Ik Kudi Punjab Di,2010,7.2
2 Hours Love,2019,6.9
Arzoo,1950,7.1
Ciao America,2002,7.4
Ishk Ishk Ishk,1974,7.4
Nuvvila,2011,6.7
Jan Pahchan,1950,7.1
Kuasha jakhon,2018,7.9
Anhonee,1952,7.2
Chandralekha,1998,6.6
Oru Modhal Oru Kadhal,2014,7.7
Maleyali Jotheyali,2009,7.2
Ishtam,2001,6.9
Aye Auto,1990,7.1
Pelli Pustakam,1991,7.6
Alaigal Ooivathilai,1981,6.7
Ami Shey O Sakha,1997,6.8
Tattaad,2020,8.1
Sankashta Kara Ganapathi,2018,6.7
Ujala,1959,6.7
Thirakkatha,2008,7.4
Aasra,2019,8.0
English ki taay taay fisss,2020,6.6
Kottayam,2020,7.4
English as a Second Language,2005,7.0
A Gift of Love: Sifar,2019,8.2
Mudita,2017,9.0
Madanolsavam,1978,7.4
Sarvakalasala,1987,7.2
Dil-Ki-Rani (Sweet-Heart),1947,7.5
Undiporaadhey,2019,6.8
Nanna Ninna Prema Kathe,2016,6.8
Lakhon Ki Baat,1984,6.8
Sargam,1992,7.2
Cape of Good Hope,2004,6.7
Reborn,2015,7.2
Ente Sooryaputhrikku,1991,6.6
Chandu,2002,7.2
Mr. Romeo,1974,6.7
Hrid Majharey: Live in My Heart!,2014,6.6
The Greatest Song,2009,7.3
Ulsavapittennu,1989,7.0
Cristo 70,1970,6.8
Soggadi Pellam,1996,7.1
Pela Adhi Akshar,2017,7.9
Tansen,1943,7.7
Anaganaga Oka Roju,1997,7.0
Dekh Kabira Roya,1957,7.7
Hirak Jayanti,1990,6.8
Beautiful Manasugalu,2017,7.6
Avunu Valliddaru Ishtapaddaru,2002,6.7
Varusham Padhinaaru,1989,7.2
Runam,2019,8.8
Siddhartha,2015,6.8
Ooty Varai Uravu,1967,7.9
Liars Club,2001,6.6
Dosti,2011,6.6
Prem Mhanje Prem Mhanje Prem Asta,2013,6.8
Ilamai Oonjal Aadukirathu,1978,6.7
Chick Magnets,2012,7.0
Pao Da Shuang Deng,1994,6.9
Khel Mohabbat Ka,1986,6.7
Sahasra Siracheda Apoorva Chinthamani,1960,8.3
The Rally,2017,7.7
Megamalhar,2001,7.4
Benazir,1964,7.4
April 1 Vidudala,1991,7.7
Shan,2006,7.5
Trooper,2010,7.7
Love Lagan Ne Locha,2017,7.2
Monchora,2016,6.9
Dream,2012,8.0
Kokhono Megh,1968,7.6
Sri Krishnarjuna Vijayam,1996,7.0
Kariya 2,2017,7.1
Jeeudo,2020,9.4
Yazh,2017,8.1
Udumba,2019,8.9
Manthrigari Viyyankudu,1983,7.4
Ghayaal,1993,7.9
Bajimaat,2008,6.9
Allari Priyudu,1993,6.7
The Hungry Bachelors Club,1999,6.6
Paper Cut,2004,7.4
Partha,2003,7.3
Life Jothe Ondu Selfie,2018,7.4
Bawali Unlimited,2012,6.6
Tula Kalnnaar Nahi,2017,7.0
Nenapirali,2005,7.5
Neend Hamari Khwab Tumhare,1966,6.6
Manivathoorile Ayiram Shivarathrikal,1987,7.1
Ketugadu,2015,9.1
Ratan,1944,7.4
Chirodini Tumi Je Amar,2008,6.7
Ee Bandhana,2007,8.3
Vayasu Pilichindi,1978,7.2
Ishq My Religion,2019,7.9
Rachna No Dabbo,2017,8.0
Mane Devru,1993,7.7
Love Master,2012,6.6
The Road of Love,2017,7.2
Eeta,1978,6.9
My Friend's Dulhania,2017,6.8
Chandralekha,2014,6.7
Subhakankshalu,1998,7.3
Lovers Club,2017,8.5
Jayammu Nischayammu Raa!,1990,6.7
Akbar Saleem Anarkali,1979,7.7
In Othello,2003,7.0
Sister Mary's Angel,2011,7.8
Seizer,2019,7.0
Run Antony,2016,7.4
Budtameez,1966,7.4
Beladingala Baale,1995,8.1
Jag Jeondeyan De Mele,2009,6.9
Kiccha,2003,6.8
Maa Amar Maa,2009,8.1
Do Musafir,1978,7.4
Lagna Pahave Karun,2013,6.6
Jadi Jantem,1974,8.0
Vachan,1974,6.8
Destined Hearts,2020,8.6
Aanmai Thavarael,2011,6.9
Modalasala,2010,7.3
Prema Pipasi,2020,7.4
Babloo Happy Hai,2014,6.8
Ei Prithibi Tomar Aamar,2009,7.7
Avalambika,2021,7.1
And They Call It Puppy Love,2013,7.3
Simpallag Innondh Love Story,2016,7.5
"Bornodi Bhotiai: Love, by the River",2019,9.1
Oceano,1971,7.7
I Am Not Blind,2020,8.9
Hari Om,2004,6.6
Ashi Hi Aashiqui,2019,6.6
Kattu Kadal Athirukal,2020,7.2
Campus Radio,2011,7.8
Savaari,2009,7.6
Inti Guttu,1984,6.9
Gift Box,2020,7.8
Moner Manush,1997,8.3
Charminar,2013,7.4
Vaalee,2001,7.3
Kehi Jane Bhala Lagere,2013,7.9
Tomar Jonyo,2008,8.3
The Himalayan Diaries,2019,8.9
Wish You Happy Breakup,2016,7.5
Dil Deewana,2014,7.3
Vinayakudu,2008,7.2
Gokulathil Seethai,1996,7.6
Sunn Raha Hai Na,2017,8.2
Havana Rose,1951,6.8
Swayamvaram,1982,7.8
Someone,2021,8.2
Tokunboh,1999,8.0
Woh Tera Naam Tha,2004,6.8
Kerala Nattilam Pengaludane,2014,6.8
Sye,2005,7.0
Sommokadidhi Sokokadidhi,1979,6.9
Manchi Donga,1988,7.4
Nunnunarvu,2016,6.9
Idiot: I Do Ishq Only Tumse,2012,6.9
Hadiyya,2017,6.7
Laila Majnu,1949,7.9
You Can't Buy Love,2001,8.0
Mogudu Pellalu,1985,6.9
Sparsha,2000,7.1
Are Marler,2017,7.8
Keli,1991,6.9
Sitaara,1983,7.7
Nuvve Kavali,2000,7.5
Raja Makutam,1959,7.2
Appunni,1984,7.0
Nala Damayanti,1957,7.9
Chemparathy,1972,7.3
Prema Geema Jane Do,2016,7.9
Akashe Ki Ranga Lagila,2009,8.0
Santheyalli Nintha Kabira,2016,7.7
Kiraathakudu,1986,7.2
Shivarjuna,2020,8.2
Ganapa,2015,7.0
Ente Upasana,1984,7.0
Dil Hogyaa Laaptaa,2021,8.5
Shalini Ente Koottukari,1978,6.6
Devara Naadalli,2016,7.7
Ullasa Uthsaha,2010,6.6
Idhi Mamulu Prema Katha Kaadu,2012,6.8
Approach to Love II,2016,6.9
Chicks 101,2004,7.0
Krishna,2007,6.6
Chaowa-Pawa,1959,8.1
Devatha,1982,7.4
Sudhu Tumi,2004,7.1
Gadbad Gondhal,2020,9.1
Krishnatulasi,2018,7.7
Karulinakare,1970,9.2
Hosa Prem,2018,7.5
Ilampuyal,2009,6.9
Innisai Mazhai,1992,6.9
Chandini I Miss You,2011,6.6
Palnati Yudham,1966,8.2
Malliswari,1951,6.9
Sangama,2008,6.6
Eti,2008,7.8
Na Ninna Mareyalare,1976,8.8
Bhuvana Oru Kelvikkuri,1977,7.5
Ubuntu,2017,7.4
Boxer III,2018,6.6
Aalkkoottathil Thaniye,1984,7.0
Rowd,2012,6.7
Priya Mo Priya,2005,7.0
Sivudu Sivudu Sivudu,1983,6.9
Parannu Parannu Parannu,1984,6.8
Jawani Zindabaad,2010,7.6
Extra Ordinary Barry,2008,7.1
Tu Bold Mee Cold,2016,9.3
Kiese Dakuchi Kouthi Mate,2011,8.4
Oru Oodhappu Kan Simittugiradhu,1976,7.4
Intlo Ramayya Veedilo Krishnayya,1982,7.7
Srimanthudu,1971,7.2
Raising the Stakes,1999,6.8
Abbas Abbas Send Help!,2018,8.2
Hlídac,1970,7.5
Nirahua Hindustani,2014,6.8
Shubha Yathra,1990,6.6
200 Minutes of Something I Haven't Felt,2017,8.0
Greetings Card,2014,8.4
Navarathri,1966,7.5
Dujane,1984,8.6
Murali Krishnudu,1988,7.7
Prem by Chance,2010,6.8
Aattakatha,2013,6.6
Guy in the blue,2015,7.7
Eri Naam Prem,2006,7.8
Hing Ting Chot,2010,6.9
Sathyam,1976,7.1
Talli Tandrulu,1991,6.6
Chiranjeevulu,1956,7.3
Amra Amar Premee,2014,8.7
Divasen Divas,2006,8.6
Akeli,1999,6.7
Majnu,1987,7.1
Before We Say Goodbye,2010,7.6
Ronny & Cindy in All of Us,2006,8.6
Captain Nagarjuna,1986,6.7
Feminin,2018,7.2
Rajkanya,1965,6.8
